002dbbd85ef3fe6a2e7d0754fb9f9a1a,"1 remote, "
002dbbd85ef3fe6a2e7d0754fb9f9a1a,"1 remote, "
00508a6979fdd9c2e5f8c68bfefe5f71,"1 clock, "
00dfe88c4d3fb60793765d314bf24b7c,"1 person, 1 cup, "
015efcdd8de3698ffc4dad6dabd6664a,"1 handbag, 1 cup, 4 books, "
015f38df736f5a9498b18a1d12170187,"1 person, 1 bird, "
016534141ab870fdbf1b9c163955924d,
02335ed7fbc9fd8ec1505d30a7d385ba,"1 clock, "
024df5698f28a46ebf4ac1ac5df2c202,"2 cell phones, "
025bf4faf2102b1376bddee41dc7948e,
02d99db5aa9193b2bfc98ad6998e0ea7,"1 clock, "
0301a5865ecfd7c5a1653dde10a5aedf,"1 clock, "
03231e84227b5038d1ce9c302019da8c,
032c21ac0d52d23f683dc4c2b7388865,
032ecd4e7d6db78058878d0ac61a82dc,"1 person, 1 backpack, "
034c0fa142311896c1b1b6900487d2fb,
0383071848070b93a8a9f0c82c06e5e4,
03c532904ec03423c5e30463a62401a5,"1 truck, "
03f2fc9a332b87e896b2da508a061754,"1 tie, 1 book, "
045a67d8bbba2805d2e421bc5b83d775,"4 wine glasss, 1 chair, 1 potted plant, 1 dining table, 1 vase, "
049b5c09f2fc9c009cc3e7bc6e95be90,"1 clock, "
050fd94fd028e2b766dcbfa5a9586d2c,"1 person, 1 cup, 1 fork, 2 chairs, 1 dining table, "
053e01474c777e16d2ac04c884685457,
05dff647236dcc065f51eea259e8a120,"1 bear, "
05fa49d47b280182d4684b9f3358ded4,"5 persons, "
06162b54235c76bfc73c297dd000614a,"1 person, "
06262da6542114aaea8a611540a0ee5d,
06615e719bb053415093a4572a1f1d31,
0692cec4544cb0287225a7bccebc916b,"1 person, 1 bicycle, 1 backpack, "
06c1d5086fb91fd2e62f4c5e29e2759c,
0716aeb4425d2865ea9b1996ef4f90fe,"1 stop sign, "
0736dda52dd3ef12dc4f82fb51b1becd,"1 person, "
0792c911c288bd241c1e2a2b64bce488,"2 cakes, 1 dining table, "
07a8072d594af3c04ef47e8722fc1b38,"1 clock, "
07f3a0ee847117a81ff9183befca007a,
07f93a53c25007301d276ec20e7be491,
0814384db6d5dac4b55e781d99eeb4cb,
085e477e7aa74fc3a222bcb4385000be,
08b7a12a72fb5100b27197c39bab1b70,"4 persons, 1 bottle, "
08fc9a9f04de967fe87c5061c32d3b84,"1 cake, 1 teddy bear, "
090f9075627a9543f171041a644d8af9,"1 person, "
0978cddd7a740a70fa0ac73fb6603aee,
097b04b65ad1608a869f2fb08909a612,"1 cup, 1 clock, "
09b983781c78607d3e9348f231765ea1,"1 stop sign, 5 cups, 2 spoons, 1 dining table, "
09d86d1539357a20fd04a53d000e8471,"1 clock, "
09f35af0a30b37dce2f1a5ad7f143293,
0a18978cdc8b64f900b0db6a297eb99d,"1 person, 1 tennis racket, "
0a22f881b77f00220f2034c21a18b854,"1 clock, "
0a59be2e7dd53d6de11a10ce3649c081,
0aeb1ee8a72ad3c5566cf7a2885dc39b,"1 person, "
0b1ee11406e97cc6fb4229deeb19e6b7,
21d4924d608d1258ea35a53b314660bc,"2 persons, 1 handbag, "
2287637d5dbfb7cc45fb816157a412fa,"1 person, "
22c8ca74c84370214de628417aff20d6,
22d151fdc4f270e75bcf3729df08180f,
23bd30ca17aae979afebc6f4e5f1fdd3,"1 clock, "
23fb8e9094b55306b08f7157c4b5ec43,
2407dd6a760fb8ea2054a251cdb5b907,"1 airplane, 1 snowboard, "
243e1d1c834bb95798ff4e1db49950a3,
24400997671ee80961dfe1ef30072499,"1 person, "
2443bd3b890824acecbe32659b9a1246,
248ad697696f5e5ef82b968bfe5480ba,"2 persons, "
24f58a2b0bfefefd5ccc43bf1f664685,
251daf76d78711e74c9b441f4bb62834,"1 person, 1 couch, 1 potted plant, 1 vase, "
2524439faeafa1c2ca1a27cac00a97b1,
255bb50bf3493e1a85c9289c52610e31,"1 person, 1 suitcase, "
255d22983f0277734d8063562fad31b7,"3 persons, 1 tie, "
2561bbefebc84dc200ca14d63b221d55,"3 umbrellas, "
258bf2e1c0ff55be0762ccab1c5b18db,
265680a6c85f2381bb49965579b0fd89,
267aa12df20c85a8c215e3d6f7a74879,"1 person, "
2681e9a5eb126e75959f33a477964544,"1 person, "
26877a2094850375ec053651dd7aa4ea,"1 airplane, 1 snowboard, "
26891312da99dd6e651fd179d1ff0faf,"4 persons, 1 tv, "
269d061e1b507338d8b4c69676f9ffa1,"1 person, 1 motorcycle, 1 scissors, "
26a8b89687aab2fafd586a34fc86ed46,"2 persons, 1 apple, "
26e54c41e45e7bd0899b90fdacf124fd,
27b8aecd5c4b58ddcfc56270e9944d81,"1 clock, "
281ca748ff2f73232baa2a2d98041a63,
2842f18b64fb7ac0661021da97de0def,
2845ecbabd12a9d2d17283664c06fa7d,"1 person, "
286ce285a3a28445c972ba9d09090937,"1 person, "
28a291ca9f966fdc0e1bc917c019aced,
28b455751eabbf79d899fc9a4c6f151e,
28c3515061ccebd5a08a954a584623e1,"1 tie, "
28c88e21eaae4c3db86fe5a48ae9c7d5,"1 person, "
29383bc5de5a62c642fb9434d71863e7,
295e3365c5ed156b3ae4c8f3194add31,"1 clock, "
299eff884b51e6894dbd307f0a2a6554,"1 horse, "
29df3928b70391dec741b20782beeefc,"1 person, "
29f4c491737ce1cd367ff019e7b2ccb7,
2a25b8b900eeb431fc7627a231bbc562,
2a355ca0d306921e195591e5b2374b6a,"3 persons, 1 tie, 1 cell phone, "
2a6bbf47edb9f1cb3a722784c5e73e83,
2a7069f1ccdc33dd1f7a200e3026b4ad,"3 persons, 2 ties, "
2aab06df5509c6727fd35c7344796eb1,"1 person, 1 hot dog, "
2adefe98452f112060fe28e98f7a2c46,"4 wine glasss, 1 chair, 1 potted plant, 1 dining table, 1 vase, "
2b5174ee56b69baabe7f799a9de52411,"1 clock, "
2b7e702f208b7fd60d15d0bdadd269f4,"1 boat, "
39825c2c74eae1fd9c73da842617d2da,
3983cfed2def8feebc57bb6638cf49c8,
39869b76f24193f841d1f95442803be3,
39872cc99f017cc22001ee9498584e13,"4 clocks, "
39d4594499ca9372338b51f71e0b6681,"2 persons, "
3a3878c4fa9698438884f2288bdd1ea2,"1 clock, "
3a462469eef8972bc33e93d3b9402fda,
3a5bb9945be02e4181eee1dec5c25edc,"1 clock, "
3a63ee9cd0c128a7e97a7620a82b3678,
3a6d279abd87aadd09f950bcb123e358,
3a78fb0ee7c6e7fa0101fe1d6f49de29,"5 persons, "
3a9208f5502fa4ad01ddf92a77a0e8a3,"1 person, 1 clock, "
3ae630f06b5d395a7a0db157c2430093,
3ba594c8b6a2376bc1013a0d13b83200,
3ba7994ec2ea0b953b57457bd25ac857,
3bc12d2bdea947d4502e885b6d9aa442,
3bc6564698bdf9559b98b255737bbedb,
3bf22f2c7f71986b690dc922cb0bee1f,"1 person, 1 cat, 1 handbag, 1 cup, 1 bowl, 2 chairs, 1 couch, 1 dining table, "
3c162d32bb9bce8199f44c665b20977d,
3c23316180b7da3e712c0596fa01ff74,"1 cake, "
3c35998c3f4a279a008ac3ffd8481fea,"3 persons, 1 tie, 1 cell phone, "
3c383647c107f40ba222bcddd47d3d1b,
3c5828449ad87b05b5dedf0b4787242a,
3c5daf79e8097eae0956840826c90fcc,
3c741855acd9576b4e311d5cd990ae77,"1 clock, "
3c8eed5eead83f9798db8c24578d7a19,
3c99774ddf5babcf91ae21f76e9f4508,"3 persons, 2 ties, "
3cea7861b4a43a0695ae177cf0829267,
3d18cfe28f2fbadff32db07a2132e12c,"2 persons, 1 couch, "
3d8be6f0a1e1c248a02befc0dd3f6bec,"6 persons, "
3dbee69360ec8c331edd1ac47c4da0ec,
3dfba0efa433d3f1f248b373edc2b176,"1 person, 1 cell phone, "
3e46da2a3160460b9be21da8ea0ce68e,"3 persons, 1 skis, "
3e9add27f21781f8a3c227f5b9a1da31,
3ebf3ba9b654b8281c7b45e65133986f,
3ec1bd3422d0512c1fa1c06b7277df65,
3ee05bbb667222104101da1831329c3c,
3ef8b18ef78ad050d1a76b801d97a08c,
3f08e75ebd9b0ca68ffd298893647a13,"1 bottle, 1 orange, 1 dining table, "
3f435a895024e81fd5126354c7972b0f,
3f749b8fd9e49bca68b5fdc0ca391cd8,
3f8bf51e4f82aeecc825c4b2a12d92a7,"4 wine glasss, 1 chair, 1 potted plant, 1 dining table, 1 vase, "
3faf6a6e515ee4a3d08934b3e93a4a9e,"2 persons, "
3fb5ad02f38444843e343df0b505841d,"1 clock, "
3ff8db0779a25d3a9b92aebfb0eebe69,
4008b0311b08183a8e6d7d6d01cea464,"1 person, "
404c5d32b088d0869fd7774ce7582f89,"1 person, 1 bed, "
406833de6c44d0a19ab9db1559828563,"1 person, "
40735b62ef7f9da459b39d173ee56ac3,
40a448ee93f85a6f94825b7afc1337b0,"1 clock, "
4246216d92d4ceaf0580115dd775c2e2,
4247849793e2e0d3082ee5151a7e9416,"2 cell phones, "
424a4a0bfde5a836ed93394a8c099b17,"1 clock, "
4264eae0ad6e1cbcea3d73d88becb787,"1 toothbrush, "
427bf316b866d8b20a30866426c66e09,"1 bottle, 2 pizzas, 1 dining table, "
42b246e4d3bf68de81ab0262a2f05691,"1 clock, "
42c5b4b367187c29ac8fdd78c70837d6,"5 airplanes, "
42dd2154c1b6f67a461463cf322c9830,"2 persons, "
4332420a9acfddfe6dedfe9b0646afd6,
4342ea931e3e9ae5c51aed541a61465d,"1 scissors, "
437ff18f66a2e2351c45582104ec8b65,"1 clock, "
43a29939d9ac51d99f5e3b4822914efe,
4443d262f14a8d6d58655dcf2e8c4542,"1 person, "
44495dd7cc8acb29ea1392d6066c43d0,"1 person, "
44799b510c8a525e9baaa4729e200efa,
44c8e52abc427a52c487122232409f5d,"1 clock, "
45390f174ef85b574d3b81a0f5c1bab0,"3 persons, 1 bench, "
4546fea5413797d10224198aaa34fe45,
459a8be7fbd64cc4719d79b6054de037,
459c60702cfaae32207a161b693df47c,"2 persons, 1 couch, "
45bc44f6b1529331c282ba1f72e13b3c,"3 persons, 1 cell phone, "
46a614be24dc2639baeb3a4887dfee2f,"1 clock, "
471b3c709ca35b4765c096beb835bcc3,
4799763419d621cd41e7fb8abbcdd45d,"1 clock, "
495fb61f38dd39cd7fba4bb81af6c8f5,
4a626b2e90bd71acc2ef014c7e1123c7,
4ad96fa279384268e72374aaacb78caf,
4b17a1c22c7a81c721608629b84b8b80,"1 clock, "
4b21d71efe295df873a1d907932dae72,"1 person, 1 sports ball, "
4b31e9f5af8d0a4bf2c565ffa8a43800,"1 person, 1 motorcycle, "
4b537aac6575e7528140fc388f1349ca,"1 person, 1 sports ball, "
4baa12ddba0c06b618225f8191a6d722,"1 clock, "
4c0bb312924b2faa49f1eb556a5377ec,"1 clock, "
4c3bb41d4f40f39842b7b8d3f536366a,
4df8be2d1f001c08abee098975068323,"1 sandwich, 1 hot dog, "
4e232e906e1e6a2b6cd8eedc467905f2,
4e262fac1ce05ff65d581d668fc54e86,"1 clock, "
4e3305a488faf871189cce9831a6c863,
4f23f2bdbb2c99b8d63bba659d22fe79,
4f435640fb278b789726bbcd47ce5daf,
4febb144783cbf0059748799ed8b4945,"1 person, 1 sports ball, "
5190d04e9abb3684a856257429894a5b,"1 clock, "
52054fa91799a747b8ddf3f3118f40e9,"2 persons, "
55775796ac3c2a0fd0fde4cae6048827,"2 persons, 1 couch, "
5793a8d614757c76e8fcb904f943e586,"1 person, 1 sports ball, "
596052151e9fd6031a05ed88473b7445,
59e7b509d984f3a5b13fb8a33e0f6c2d,"6 persons, 1 airplane, "
59f430cb4755fb8e77109dcc9c8fb888,
5a051f7c0a58d5301f9953827218bc55,"2 persons, 1 couch, "
5a48ffcbf611f167ecbb884e807f31f6,"1 clock, "
5aa8f1a6f90157b937cac6e73006a2dc,"1 person, 1 bird, 1 handbag, 1 surfboard, 1 tennis racket, "
5b4d2cc82bf11b1fa80b366fdd7a5867,"1 person, 1 motorcycle, "
5bc607274e363f0c1a9379e05075dcfc,
5c58461a764afd15c527c9c8b3a054b2,"1 clock, "
5c6befcf9b28fadcedb2430c0800f433,
5cd2c1fa13b9cd4862f79304e5ca19cc,"1 clock, "
5d8310907217d0f5385f765f133ad475,"1 clock, "
5dae3772408bcecb586bf62312c13838,"1 person, "
5dea9aa4ca7a1f9a0d65d85ebece9522,"1 person, "
5e3fbc83a60c730e234618fe5483800e,"1 clock, "
600c1fdc6860cf16358e00cc238a42f6,"1 car, "
61dff450d1f6264618e7532f9e6c21dd,"1 clock, "
61eb910425767fd90074a958328bee6a,"1 clock, "
623735c2b4b2d78c61e08073dbaa352d,"1 clock, "
624c1fc48eda8c49a470567317891825,
6280249e98882910535061f21ae36875,"1 person, 1 bottle, 2 cups, 1 bowl, 1 dining table, "
62dca5e1826d627612856c463e98026f,
637244e2ca7b57187bd1b563a5b85846,
64a625126af2759b5e84aed912400e4f,"1 baseball glove, "
64beae61d488503fcd271af0ff3ea46a,"1 clock, "
64cfdaacd77f39b88f90210e79800a8b,"1 clock, "
64df515c2e4b954d029301fbc14db84a,
65299151bf4cbd1825d28e4a43d113ac,"2 horses, "
65d2519c16266cf9a3b1a8a3d2d82c99,
65fb17277b3fbfe200f6ac90f0717c48,
6649faf7aaae3caa5ac3de30b5ac4829,"1 clock, "
67169407f4dd5762a97f973e82e550bd,"6 persons, 4 umbrellas, 1 sports ball, "
676e0507f9e1ed8fa6880eafcf91547b,"1 clock, "
677e3e6c41c26d12647a0deb0a58c758,"1 person, 4 umbrellas, "
68c52769f63d072ef64e0dde04ed5ff0,"2 cups, 1 spoon, 1 bowl, "
68c78af778382e3e80ba98d676dd8527,"1 clock, "
68d489e40aa39d4498507af1ccdf249a,"1 car, "
6939c3f395fc2317da25fa5b19580c68,
698aa039cb003c1773b68cf89ab37096,"1 person, "
69a95b2cae65b8457594ab519006920c,"1 person, "
6a3dbf08b82e45b3f3e79844f3a9aa18,
6a8e741867d4f893afad015b77b52c39,
6a9230f97e1bf95266390f0f94c774dd,"1 vase, "
6ae22e38b45ebb28b3202d7cf8515ce4,"1 clock, "
6b7ddb8af0b0d4b5e042ac9469300177,
6befe54086758294b47addf0c12052a7,"1 person, 1 cell phone, "
6c200017bb5cb921e59f6a6c09491ad5,"2 persons, 1 donut, "
6c9f892bee893be71087c8300010d9a8,"1 clock, "
6d72ce3e20781f20fb420b30d3dd8b0e,
6de62384e53319712bf7910e4db4e189,"1 bird, 2 clocks, "
6e526502767454c66cc93a391846bebd,"2 clocks, "
6e628eb5fafe4a43309363ef8e8efc12,"2 persons, 1 snowboard, "
7110d440d9d424eec0ddb5f114058c06,"1 clock, "
71d0113ae02ccba7e3fd67f71baf2f2a,"1 sandwich, 1 hot dog, "
727b84106211a421a6d6925655a4ff17,"1 clock, "
73501a5fc5b60fea475b301aae4a3731,"3 persons, 1 tie, "
73adaebd0fbf7778d06d9d711ba5c152,"1 person, 1 sports ball, "
73bfd5e041e99938ca1ef8b1e2355e02,"1 person, 1 sports ball, "
74858c868467c9f78a8989e87eb54c1c,"2 persons, 5 umbrellas, 1 sports ball, "
74ca5c4df0e45247e224523c26d7ebf3,"1 bottle, 3 cups, 3 knifes, 2 spoons, 7 bowls, 1 dining table, "
74e0cd47380d7a41f96f5ca4ba214a8f,"1 person, 1 truck, "
74fb31e6b022b403306f12d715053717,"1 book, "
753b879a06a0f89feaa3928f37d4c6fe,"3 persons, "
75ada73f9b02a1f6e04f1bf69d5bd007,"1 person, 3 bananas, 1 scissors, "
75e9bf718c93754ae33314a92db613dd,"2 cars, "
76fe8ed6d5462ff2cc0ee750d2221a52,"3 persons, 1 tie, "
77af46ea55c251a18213104bd760d1d2,"4 persons, 1 snowboard, "
77cb39bbc869bdf0db280ec15a15280f,
782fd6ca8cf0483d38a3d685a9cdb536,
783719d2b23ee967711abba9de4e7884,"1 clock, "
79a672060e901ce418230c3959619cca,"10 persons, 1 bird, 1 horse, 1 snowboard, 1 cell phone, 2 books, "
79bb17ace9de9ef7def221cc38b50c0c,"1 person, 1 cell phone, "
79c36d2adb94900291f5ddf1f6580c43,
79e5acae0b9e9789b90f0b362f449eb1,"1 stop sign, "
7a6ba94986ecc183914a48eed61ebda7,
7b5d17800096a3e27a5732fd7322fc37,
7db3a9c286b1a445845bad68ff95f2bb,"2 persons, 1 bench, 2 ties, "
7e0b86cf99bbb9152f0d510d36f84f40,"1 clock, "
7ed73c1cc404f9956d26c5f58de72b2f,"1 clock, "
7f25293ac6d5c570749cea2af84e8439,"1 clock, "
7fc571f85358c5d37efafde99b6896d7,"1 clock, "
7fdd8606604b4ab61563a88384188011,
7feef5faff5461ca47f061ed5efbccf5,
7ff33d15bd3e7d73cede0691a393c288,
80399f92f8970d3bc8b26af690768c15,"1 clock, "
8091002d3367a188f845f2c9fcdbadea,
82c919a29087bad5dbedb9b64247e6d6,"1 person, 1 truck, "
8388c02100992a33a5a08e1e6dbe6204,
83952985710c8e1646ac09269938e730,"1 person, 1 cell phone, "
84327cf26d2a91e2730ae7ddbfca6d59,"3 persons, 1 couch, "
8578176a5460d41edddd1440ab46e564,
85d3838428307a4c8b16712bdc15330e,
86782260310be394dce33ef91955a716,
86f213ed98d05c93c09fe2d0ded4dfe6,"1 person, 1 hot dog, "
877843b799b1b074584fc22f9157f447,
88d9068b2d0ea2492b160a2e028d3429,"1 clock, "
8932a4d6d34de7718182c18cc30779e8,
8968a702d64524827de2ccf55c802d6c,"1 clock, "
89f522cf0adb2cc171321fb50abc9fc5,
8a1a2fa030200a7087619144f042c2da,"1 clock, "
8a662fbaa5f751bf677c50359f0716c2,"1 clock, "
8b6e13cab4903dffde5588ea2ab0c2a2,"1 clock, "
8bf41e73b0b48e4bc86fba470d3af1a8,"1 clock, "
8c07f1799c55b47a5cf24d50fd771668,"2 persons, 4 umbrellas, "
8c0f5a32827b9e60dbd30b77178fe184,
8f3f46fa6a0accfd8b4563f2e35aaba5,"4 persons, 1 tv, "
8f5834e2093bee23d3b01f8d05265765,"1 baseball glove, "
8fa19496d906812e1f44a983d347ee63,"3 persons, 1 surfboard, "
90455f5ace15860874965eabd081b6f2,
9155a2e9b6ccf3449b2403031ed99468,"3 persons, 1 surfboard, "
917250eb5213e41aa11f92282ec0b19a,"1 person, 1 cell phone, "
919ef5d6de221daf94537e4d87e98859,"1 person, 2 bottles, 1 cup, 1 fork, 1 knife, 2 spoons, 5 bowls, 1 carrot, 1 dining table, "
91aa41c408ad4ff2e688c58c5ffe4e93,"1 bottle, "
9278a3d31c76eaa929d2326e1b2062e1,
92a1ef3b78f2b21068f8e1da4025e239,"1 clock, "
92c16abb4f96ac15f03501d3d4fbda05,"1 clock, "
92ecf0b80b7483c89eb72a551484970a,
9415d4728381f961a8d6bd7c57142ab7,"1 person, 1 toothbrush, "
942616462420cb3890d00c65fc644e73,
945010afbf9a55bbdffcb0895f946155,
94bc1e8d137186644fa3baa53185a331,
94ed9dbaf0a8f0a64d4e04a3b1d9431a,"1 clock, "
95585c17779c722e67067c189cf15d63,"1 clock, "
958fb9e4304628629f9848dee96ad338,"2 persons, "
95a9add1872e1666a9e413e18a15142b,"1 sports ball, "
96510a48f1e13c601687e80f5d60670b,"1 person, "
974199c136ccbd972ae2fd4714e453f5,
9751f5044f0e9ef8e21661bf28c3d88f,"1 person, "
98555b9df18ae8d010794161505020dd,
98db637879a2eee67d49dd05b4a92d83,"1 clock, "
9931c8470e7412c45c890f4f7c59c1f4,"1 car, "
99558df7a3e64e9b15c34c20f44f038a,"6 persons, 2 baseball bats, "
995eb7a981794358eaa84a46cde6c288,"5 persons, "
99bcf45376c5182e77af6b40ccfa2d3b,"2 persons, 2 ties, "
9a09184e03a21be85b165f66d6d1c121,"1 person, 1 toothbrush, "
9afba90addb72bcdbab265b3492540e1,"1 person, "
9b2e41fdabcefdda0a86803e415a8c98,"1 clock, "
9b9f6e8145aad25f6548fb35775d7fb3,
9d0bbd449e1c907e9f554bb9df1c4a10,
9d7dacc59d5bfde6cfaa17d2604ae9d5,"1 baseball glove, "
9e068e03269af51054a95146bdaf3d45,
9e2b17d1c9addd70a9da0c72dfec0e3c,"1 clock, "
9e3c7a3de86bb8857dd3f822bc951a59,
9e45326648ea56b095dfe34466ce6018,"1 car, "
9ecf3c519703026495d4f82df8bb2388,"3 persons, 1 cell phone, "
9f157ba406572210d000f1478e8e656c,
a19b99c57ec298782b9fbcdde83b9734,
a1a3485dee81692a3ea64143aa51e90f,"1 person, "
adunit-engagement-plus-ihop-evergreen-olo-drag-left-mob,"1 bottle, 1 cup, 1 spoon, 1 sandwich, 1 dining table, "
adunit-engagement-plus-ihop-evergreen-olo-drag-right-mob,"1 cup, 2 hot dogs, 1 dining table, "
adunit-engagement-plus-ihop-evergreen-olo-drag-right-mpu,"1 cup, 2 forks, 3 hot dogs, 1 dining table, "
adunit-engagementplus-ihop-mob,"2 sandwichs, "
adunit-engagementplus-ihop-mpu,"1 sandwich, "
adunit-ihop-ihoppy-hour-20-percent-off-mob,"1 sandwich, "
adunit-ihop-ihoppy-hour-20-percent-off-mpu,"1 sandwich, "
adunit-ihop-ihoppy-hour-mpu,"1 cup, 1 bowl, 2 sandwichs, 1 donut, 1 cake, "
adunit-ihop-ihoppy-hour-no-offer-mob,
adunit-ihop-ihoppy-hour-no-offer-mpu,"1 sandwich, "
adunit-ihop-ihoppy-hour-save-dollar-5-mob,"1 bowl, 1 cake, "
adunit-ihop-ihoppy-hour-save-dollar-5-mpu,"1 bowl, 1 cake, "
adunit-ihop-window4-reeses-mob,"1 cake, "
adunit-ihop-window4-reeses-mpu,"1 cake, "
adunit-ihop-window4-scary-face-mob,"1 donut, "
adunit-ihop-window4-scary-face-mpu,"1 cake, "
adunit-ihop-windows3-2021-mob,
adunit-windows3-2021-mpu,
adunit-yamaha-x2-sensory-plus-mpu,"2 persons, 1 motorcycle, 1 truck, "
adunit-yamaha-x2-seonsory-plus-mob,"2 persons, 1 car, 1 truck, "
adunit-yamaha-x4-seonsory-plus-mob,"1 truck, "
adunit-yamaha-x4-seonsory-plus-mpu,"1 truck, "
ae30ff3cae1f369954f5e91499b9e515,"1 cup, 1 bowl, 3 sandwichs, "
ae98b1f2a6ca87429bb43d29df7c682a,"6 persons, 1 airplane, 1 tie, "
af2eecc9194b8e3596bdb9d669f61715,"2 persons, 1 car, 1 truck, "
afacaf5b3063c23f8231cc01be74aa1d,
b0228441fb421b8c322d67a6746f5f3e,"1 clock, "
b046eee3c13e2f88aba3c40743093d13,
b12b03c2dec5e71fe630d3b06062982a,"1 person, 1 motorcycle, "
b16e25c480f043e4be7d8e011bfa5e95,"2 persons, "
b1e8cf36fefced5b9f20d291026b06db,
b2174dea77ef62674fa5d51c84359984,"2 persons, 1 donut, "
b22916b05fb1e90b8b8d33812483022c,"1 clock, "
b2504a570b6274172b6bd9558118f772,"1 clock, "
b25e2955ba18f9f0f63a3642abdee471,"2 persons, "
b285c9ac9aa1669a7350e4c4594ea571,"1 clock, "
b34d551e23ad7ce5a494453bcc409ccc,
b378c281edcaebfbe47a3104fdc2e036,"1 car, "
b3fd525be390ec4cbebdcbd225362f12,
b42473e8fdb0b3d6ea798f4118ef23aa,"1 baseball glove, "
b429b231c4bcc785642a771a84b58eb2,
b4d26946d68754d77027cc419d36892f,
b500b45f2e556f55a488bc21c045877f,"2 persons, 1 bird, 1 horse, 1 skis, 1 kite, "
b50d6442906a8362508d2a97bb9ba01e,"1 person, 1 sports ball, "
b58595e2670fde268a1c6dc7b9fc8ba3,"1 baseball glove, "
b58ae8eb1017e252ce37c29226411489,"1 bottle, "
b6519446fad0a84445faf9620f0fa02e,"1 clock, "
b68a3a78534ac964f4eddfb8d767bbe0,"1 person, 1 sports ball, "
b68baf66405783b70a2141860cb15adc,
b768aedc20d9c135b355b7cd8e8beff3,"2 persons, 1 sports ball, 1 couch, "
b7aa3693292fc7cf17f4fc1da680bf5d,
b8595cc38764f2c30d986c4c8080671c,
b8d87efae84799bd340ce653954a11b1,"1 bird, 2 clocks, "
b973c711c94c3261f51e002b853be33d,
ba62e65857faee399998f5d4dad7feaf,"1 clock, "
ba9ca629a79e79a0b652b5b275ecd5e1,"2 persons, 1 motorcycle, 1 truck, "
bab02408832fd896644462340d7bf479,
bae285cdb6a38209f32e9e0c5f0a69ce,
bb631902fce625cf0dc87d80c027c905,
bb8342d60fc04fb8c4fcfdbc3025f4d9,
bcc5ae4665b6b8c2ff25dfdc65fbc65a,"1 truck, "
bd312b97d9d646bcd3263809be428f5e,"4 persons, 1 car, "
bdc1911c958ee9f1d54097420bc0088d,
be3f931b8039ef187f1dcfa3d488c041,"2 persons, 1 apple, "
be6513d80192c25426e5e8f24e6e4dea,
bf16a83492d04640042f674af85d2aac,"3 persons, 1 bench, "
bf1f7af46eec0e92939a8b3ba51cbacd,"2 persons, 1 couch, "
bfbf7a2b7ac635e67877b1ab87fd6629,
bfeea6509482aeb0aaeed455fadb9c4e,"1 bird, "
c004ede9dbeaf07289dff53dfaa0cd9e,
c01e7ce76419925187c593ba3ecb9f46,"3 persons, 1 tie, "
c0ccae16df156f9744c8c74e252ad00b,"1 baseball glove, "
c154ec796ae46371d8bc35744ee47b0e,"1 person, 1 sports ball, "
c176d5a3e27117bc90e3820434a024d9,"4 persons, "
c21bfafc138cf023080098b0f7a439d0,"1 car, "
c2b3575ecfffe09f0f3b97a5883e6da6,
c350b0acd9f7b128c5ba096863e5444b,"1 clock, "
c38c56f98c1db74d1f613ec31d8bcf75,"1 person, "
c3ef76ea758ea5442c9540463c5d37f3,"1 horse, "
c451990f363a5119a838d33acda877f1,
c47a1785032e3bc12dc53dc97034dd33,
c47fa6c0b4462b654c222e2f4be62b3d,
c48014dd1774f0fc8dddf6c6cdcb337f,
c486723bb2d768d24036054973b1cebc,
c4b651056516bc245b6b0dd78c2b192c,
c5d9fdf57215e5dbec5cc42419090749,
c6ce1941383baf5a5cbfa7cfbb89dbc2,"5 persons, 1 bench, 2 bottles, 1 cake, 1 chair, 1 dining table, "
c706a9ad6b0c2ee9295fe40dfa5b0615,"1 person, "
c741653e8c326e65480df0732efe96df,"1 person, 1 cell phone, "
c76677bf8d4e0e0d6267a8c097957e92,"6 persons, 1 airplane, 1 tie, 1 kite, "
c7ecd71b4632aea2ffca69a1d079b290,"3 persons, 1 tie, 1 cell phone, "
c823124ca76c00a9d3b79380e5bdfd29,"1 person, 1 book, "
c8a1bbadb8931aee1d1438ae9962814e,"2 persons, 4 umbrellas, "
c8fc9c5e6ec515c610c73f772ed5d3a4,
c911bb936656e056779e31c273417b46,"1 clock, "
c94556717fc1d3783d27f51ae1b5350e,
c9790ca6d49dfc3f245db91d3b62c56d,"4 persons, 1 boat, "
c9ec2d041cd03c489b2ee97c5f7ba400,
ca1d489a0c1849845cb7144e51b0a7a1,"6 persons, 2 baseball bats, "
caf88bb6688890e82c30fb408ec4e76f,"9 persons, 1 car, 1 truck, 1 bowl, "
cafcf13bef3457ebed7e08e02fa49252,
cb1ae642e1bdcec602d24344d5d927b5,"2 persons, "
cc60737a3e2f6b713484916327764a5f,"1 sports ball, 2 bottles, 4 cups, 24 chairs, "
cc6c33bd4409ded3155793811af5c72b,"1 clock, "
ccce5533b26203d07100376c394951a6,"1 clock, "
cce594945c50492d887116e17ebd966f,"1 stop sign, "
cd586b24025b1349b9b79d2c944e3f18,
cd5de313101387fd9191cb03ef431ec9,
cd8d3632d222fd9e87e32c9d0ecafdea,
d1e28a38a4e871527e62543540d0e7a7,"1 truck, 1 book, "
d217e3878a25f52d495d0c3eea30211a,"2 persons, 1 bird, 1 horse, 1 skis, 1 kite, "
d2210530c4400ba1eaf5f712b646e7e6,"1 clock, "
d250af845914563dc5e28699c19da043,
d37f1a5e7d90e81756244e1bff3141bc,"1 person, "
d3a2aee36af8bf076d1111a6115be31b,"1 clock, "
d485045274821654173302dc5c7783c9,"1 clock, "
d48b2247fce73617dab5633187c02360,"2 persons, "
d53d09dbd8f7aad4bfab4acb84aa323a,
d60dcbc971efa0b4c3cb76c245c35ced,"1 motorcycle, "
d63a7966d398d4dd0778d268d17fd2aa,
d6875bfe73a3abc7eea25b7de121c643,"3 keyboards, "
d6c5dcb42c617e8d164dafb4d302ac0a,"1 clock, "
d706afba427123c30ffafb88d5486e03,
d7c5bf54f39eb745b553d06813cffb23,"1 car, "
d9211cc52590fe62718030dbc1a9389a,"1 person, 1 sports ball, "
d93555b29bb180a19395c58cb97a5065,
d982317438736aac9cb37b3e66a2f555,
da2b42ad2deaf5a4f7f3604e0e5038e1,
db4c6d9a38437a0b76bb047ca37519d4,"2 clocks, "
db671d7ebafdc3b7259109fbc18eaac9,"1 clock, "
db69df88f5a7b1540d4ff829bffb97f9,
dba3929fad20b7650861f74a9414c043,"1 traffic light, "
dbe499749ecc456991332fc5d847ad2e,"1 clock, "
dd43631ca1bf97d6c4966780b1f13a87,"1 person, "
ddc12737f9718263bfb0f54843da0478,"9 persons, 1 car, 1 truck, 1 bowl, "
ddef3dc6e16e17bb53b7ba66a400308b,
de22272cbb7ebe2622fa3b847330ccc6,"1 clock, "
de74397f972d47d2c078b44807974532,"4 persons, "
de9c6db1311c86407f28feced87dc46b,"2 sandwichs, "
df89c44299ec66120e89ab1d1296c26f,
df91c37d7078b8b406deaea243bb3746,
e08fda6d23b50ed0e9ec2fed06e21518,
e0c8ecc4ba1bc299fb4e43f6faccffb9,
e17b6db0e4fb777ab569ef0a81b5000e,"2 cars, "
e1abe0c4a3df40bbb0d35d089caa13a5,"1 clock, "
e1d358918210126d2348bb98e47dfa86,"1 clock, "
e1ebbff8accc9d16ea82e3b8a6636d70,"6 persons, 1 bird, 1 chair, 2 books, "
e300993c699d98ef0d6d574b043b65cc,
e334f7ef4caacc9552993029ad56a52b,
e37596726bbaf0321aed953b6f8e1be7,"1 clock, "
e437bb1946e346784d613ce6feba7203,
e5c648e39c7860bf0e70f4b02ecafbdf,"1 clock, "
e656e46e3a4dc66fc0baa433c94bfd1a,
e68e20f592457b875ce29757ab855dfe,"1 clock, "
e6e771ae6f00d0f2ada4d2280cfd7740,"1 clock, "
e7b3f462f7d1cc8dcaa9c076eaedd1a8,
ea140a50dd4921ef96e08552e6eb9cc7,
eab4ad84efa8e1c830ff47d6e8ad4379,
eabca629979238e5e3d65f6f4cd818fb,"1 clock, "
eabf360c935e08b24f30c61519033f93,
eb31bf1739ffa01b1d458fe2c610230a,"1 person, 1 tie, "
eb641577b39bf60665e3130ac0d4e301,"1 person, 1 cell phone, "
eb84457fc98f942bb27157e930794c61,
ec53b0973db5a35d83fd5bb009802bdb,"1 person, "
ecc6562c52ea0a03f794e7cec023bd0b,"1 person, 1 bottle, 1 bowl, 1 dining table, "
ecc8e6a50a509f8b6a8ac7c3c1a450e7,"1 clock, "
ed3071a667a11cc56e88ae0489bfe6aa,"3 persons, 1 tie, "
ed9fd46313a5bce5f00d5fd720e5880f,"1 person, "
edd62a365ff46ae8c2e7a88dcb48ba56,"1 person, 1 handbag, "
ee11627c036ee9772446b6e3ac9da649,"1 car, "
ee5f0e9c4a1296a30944be613ab2028c,"1 cup, 1 bowl, 1 sandwich, 1 dining table, "
ee8ae60b2e46e44da79fb7e59b07eae4,"3 persons, 1 tie, 1 cell phone, "
f033db746b20e747ee528caa07f0b2de,"5 persons, 1 teddy bear, "
f08d8e575fa2c9929dfaf2d1bfa553a2,"1 clock, "
f0a8b52312fce8d57f34bc6441dea750,"1 cup, "
f125ec6ad94bd7b93c1502fb7e16e2ba,"1 person, 1 sports ball, "
f16751048b64354c30b034c44981225f,
f1cc75828bb3b7419b0d210e971a7cdf,"1 person, 1 cell phone, "
f2aa99ddd5015647abc940e7d6695df2,
f38dae81fae6d60408100503e4661ac6,"1 clock, "
f398e921861a533315cd9e1085e2059c,
f43220f51d51bba30046e637600bd773,"3 persons, 1 surfboard, "
f4fc8ed9cf50e6f77bb14054b88ee2cd,
f50ff5f8d3f50ecaccadf63345ec16bc,"1 person, 1 toothbrush, "
f520edea9b83c22a1c82412fcaf9f0a3,
f52568446cd557df708c44efb668789c,"3 persons, 1 surfboard, "
f5f846befe806be6021ff34f9fd60547,
f6525e69f4bbebe1b522d463080006ce,"1 vase, "
f6c6774bb267182cf248fd64a5b25b59,"1 person, 1 toothbrush, "
f701e15a157e1418704c2b18a13fb471,
f722cbe03a320f89c6abdfd3fe796047,"1 clock, "
f7f9e79ae3506b8c75810cae2ce276e7,"1 tie, 1 orange, 2 vases, "
f88e2c7f24b2bcd83044f2ccfdef79c4,"3 persons, 1 tie, "
f95ed1b647ad098a3738f1b58142decd,
fac33ac29ac616dfa0053558c1a3c03c,
fae4bab75ff19f1246fb814deb4efd94,
fb755cbcc0e9b7069382745e6841f2ba,"1 bottle, 2 pizzas, "
fbb156a0dc35c2e9f126d5140ae6ea66,"1 clock, "
fbdd6f2bc08bfb43725cd6b4c52907ea,"1 clock, "
fdf622b95e3d532398921834f6bbfa38,"1 clock, "
fe116dea417bfe1b97e0b2dcf846c25d,
fe1cc47f2e46f29607046541f8418275,"1 clock, "
fef95c5e1ee5bc235b56d7c508d3bcd0,
ff72b5f704ef2a8fa05e5a7b350a1e8e,
ff88446626571f68e23c4b07063fd806,"1 car, "
