asset,object_detection
/Assets\002dbbd85ef3fe6a2e7d0754fb9f9a1a,
/Assets\00508a6979fdd9c2e5f8c68bfefe5f71,
/Assets\00dfe88c4d3fb60793765d314bf24b7c,
/Assets\015efcdd8de3698ffc4dad6dabd6664a,
/Assets\015f38df736f5a9498b18a1d12170187,
/Assets\016534141ab870fdbf1b9c163955924d,
/Assets\02335ed7fbc9fd8ec1505d30a7d385ba,
/Assets\024df5698f28a46ebf4ac1ac5df2c202,
/Assets\025bf4faf2102b1376bddee41dc7948e,
/Assets\02d99db5aa9193b2bfc98ad6998e0ea7,
/Assets\0301a5865ecfd7c5a1653dde10a5aedf,
/Assets\03231e84227b5038d1ce9c302019da8c,
