asset,object_detection,located_image
/Assets\002dbbd85ef3fe6a2e7d0754fb9f9a1a,,
/Assets\00508a6979fdd9c2e5f8c68bfefe5f71,,
/Assets\00dfe88c4d3fb60793765d314bf24b7c,,
/Assets\015efcdd8de3698ffc4dad6dabd6664a,,
/Assets\015f38df736f5a9498b18a1d12170187,,
/Assets\016534141ab870fdbf1b9c163955924d,,
/Assets\02335ed7fbc9fd8ec1505d30a7d385ba,,
/Assets\024df5698f28a46ebf4ac1ac5df2c202,,
/Assets\025bf4faf2102b1376bddee41dc7948e,,
/Assets\02d99db5aa9193b2bfc98ad6998e0ea7,,
/Assets\0301a5865ecfd7c5a1653dde10a5aedf,,
/Assets\03231e84227b5038d1ce9c302019da8c,,
/Assets\032c21ac0d52d23f683dc4c2b7388865,,
/Assets\032ecd4e7d6db78058878d0ac61a82dc,,
/Assets\034c0fa142311896c1b1b6900487d2fb,,
/Assets\0383071848070b93a8a9f0c82c06e5e4,,
/Assets\03c532904ec03423c5e30463a62401a5,,
/Assets\03f2fc9a332b87e896b2da508a061754,,
/Assets\045a67d8bbba2805d2e421bc5b83d775,,
/Assets\049b5c09f2fc9c009cc3e7bc6e95be90,,
/Assets\050fd94fd028e2b766dcbfa5a9586d2c,,
/Assets\053e01474c777e16d2ac04c884685457,,
/Assets\05dff647236dcc065f51eea259e8a120,,
/Assets\05fa49d47b280182d4684b9f3358ded4,,
/Assets\06162b54235c76bfc73c297dd000614a,,
/Assets\06262da6542114aaea8a611540a0ee5d,,
/Assets\06615e719bb053415093a4572a1f1d31,,
/Assets\0692cec4544cb0287225a7bccebc916b,,
/Assets\06c1d5086fb91fd2e62f4c5e29e2759c,,
/Assets\0716aeb4425d2865ea9b1996ef4f90fe,,
/Assets\0736dda52dd3ef12dc4f82fb51b1becd,,
/Assets\0792c911c288bd241c1e2a2b64bce488,,
/Assets\07a8072d594af3c04ef47e8722fc1b38,,
/Assets\07f3a0ee847117a81ff9183befca007a,,
/Assets\07f93a53c25007301d276ec20e7be491,,
/Assets\0814384db6d5dac4b55e781d99eeb4cb,,
/Assets\085e477e7aa74fc3a222bcb4385000be,,
/Assets\08b7a12a72fb5100b27197c39bab1b70,,
/Assets\08fc9a9f04de967fe87c5061c32d3b84,,
/Assets\090f9075627a9543f171041a644d8af9,,
/Assets\0978cddd7a740a70fa0ac73fb6603aee,,
/Assets\097b04b65ad1608a869f2fb08909a612,,
/Assets\09b983781c78607d3e9348f231765ea1,,
/Assets\09d86d1539357a20fd04a53d000e8471,,
/Assets\09f35af0a30b37dce2f1a5ad7f143293,,
/Assets\0a18978cdc8b64f900b0db6a297eb99d,,
/Assets\0a22f881b77f00220f2034c21a18b854,,
/Assets\0a59be2e7dd53d6de11a10ce3649c081,,
/Assets\0aeb1ee8a72ad3c5566cf7a2885dc39b,,
/Assets\0b1ee11406e97cc6fb4229deeb19e6b7,,
/Assets\21d4924d608d1258ea35a53b314660bc,,
/Assets\2287637d5dbfb7cc45fb816157a412fa,,
/Assets\22c8ca74c84370214de628417aff20d6,,
/Assets\22d151fdc4f270e75bcf3729df08180f,,
/Assets\23bd30ca17aae979afebc6f4e5f1fdd3,,
/Assets\002dbbd85ef3fe6a2e7d0754fb9f9a1a,,
/Assets\00508a6979fdd9c2e5f8c68bfefe5f71,,
/Assets\00dfe88c4d3fb60793765d314bf24b7c,,
/Assets\015efcdd8de3698ffc4dad6dabd6664a,,
/Assets\015f38df736f5a9498b18a1d12170187,,
/Assets\016534141ab870fdbf1b9c163955924d,,
/Assets\02335ed7fbc9fd8ec1505d30a7d385ba,,
/Assets\024df5698f28a46ebf4ac1ac5df2c202,,
/Assets\025bf4faf2102b1376bddee41dc7948e,,
/Assets\02d99db5aa9193b2bfc98ad6998e0ea7,,
/Assets\0301a5865ecfd7c5a1653dde10a5aedf,,
/Assets\03231e84227b5038d1ce9c302019da8c,,
/Assets\032c21ac0d52d23f683dc4c2b7388865,,
/Assets\032ecd4e7d6db78058878d0ac61a82dc,,
/Assets\034c0fa142311896c1b1b6900487d2fb,,
/Assets\0383071848070b93a8a9f0c82c06e5e4,,
/Assets\03c532904ec03423c5e30463a62401a5,,
/Assets\03f2fc9a332b87e896b2da508a061754,,
/Assets\045a67d8bbba2805d2e421bc5b83d775,,
/Assets\049b5c09f2fc9c009cc3e7bc6e95be90,,
/Assets\050fd94fd028e2b766dcbfa5a9586d2c,,
/Assets\053e01474c777e16d2ac04c884685457,,
/Assets\05dff647236dcc065f51eea259e8a120,,
/Assets\05fa49d47b280182d4684b9f3358ded4,,
/Assets\06162b54235c76bfc73c297dd000614a,,
/Assets\06262da6542114aaea8a611540a0ee5d,,
/Assets\06615e719bb053415093a4572a1f1d31,,
/Assets\0692cec4544cb0287225a7bccebc916b,,
/Assets\06c1d5086fb91fd2e62f4c5e29e2759c,,
/Assets\0716aeb4425d2865ea9b1996ef4f90fe,,
/Assets\0736dda52dd3ef12dc4f82fb51b1becd,,
/Assets\0792c911c288bd241c1e2a2b64bce488,,
/Assets\07a8072d594af3c04ef47e8722fc1b38,,
/Assets\07f3a0ee847117a81ff9183befca007a,,
/Assets\07f93a53c25007301d276ec20e7be491,,
/Assets\0814384db6d5dac4b55e781d99eeb4cb,,
/Assets\085e477e7aa74fc3a222bcb4385000be,,
/Assets\08b7a12a72fb5100b27197c39bab1b70,,
/Assets\08fc9a9f04de967fe87c5061c32d3b84,,
/Assets\090f9075627a9543f171041a644d8af9,,
/Assets\0978cddd7a740a70fa0ac73fb6603aee,,
/Assets\097b04b65ad1608a869f2fb08909a612,,
/Assets\09b983781c78607d3e9348f231765ea1,,
/Assets\09d86d1539357a20fd04a53d000e8471,,
/Assets\09f35af0a30b37dce2f1a5ad7f143293,,
/Assets\0a18978cdc8b64f900b0db6a297eb99d,,
/Assets\0a22f881b77f00220f2034c21a18b854,,
/Assets\0a59be2e7dd53d6de11a10ce3649c081,,
/Assets\0aeb1ee8a72ad3c5566cf7a2885dc39b,,
/Assets\0b1ee11406e97cc6fb4229deeb19e6b7,,
/Assets\21d4924d608d1258ea35a53b314660bc,,
/Assets\2287637d5dbfb7cc45fb816157a412fa,,
/Assets\22c8ca74c84370214de628417aff20d6,,
/Assets\22d151fdc4f270e75bcf3729df08180f,,
/Assets\23bd30ca17aae979afebc6f4e5f1fdd3,,
/Assets\23fb8e9094b55306b08f7157c4b5ec43,,
/Assets\2407dd6a760fb8ea2054a251cdb5b907,,
/Assets\243e1d1c834bb95798ff4e1db49950a3,,
/Assets\24400997671ee80961dfe1ef30072499,,
/Assets\2443bd3b890824acecbe32659b9a1246,,
/Assets\248ad697696f5e5ef82b968bfe5480ba,,
/Assets\24f58a2b0bfefefd5ccc43bf1f664685,,
/Assets\251daf76d78711e74c9b441f4bb62834,,
/Assets\2524439faeafa1c2ca1a27cac00a97b1,,
/Assets\255bb50bf3493e1a85c9289c52610e31,,
/Assets\255d22983f0277734d8063562fad31b7,,
/Assets\2561bbefebc84dc200ca14d63b221d55,,
/Assets\258bf2e1c0ff55be0762ccab1c5b18db,,
/Assets\265680a6c85f2381bb49965579b0fd89,,
/Assets\267aa12df20c85a8c215e3d6f7a74879,,
/Assets\2681e9a5eb126e75959f33a477964544,,
/Assets\26877a2094850375ec053651dd7aa4ea,,
/Assets\26891312da99dd6e651fd179d1ff0faf,,
/Assets\269d061e1b507338d8b4c69676f9ffa1,,
/Assets\26a8b89687aab2fafd586a34fc86ed46,,
/Assets\26e54c41e45e7bd0899b90fdacf124fd,,
/Assets\27b8aecd5c4b58ddcfc56270e9944d81,,
/Assets\281ca748ff2f73232baa2a2d98041a63,,
/Assets\2842f18b64fb7ac0661021da97de0def,,
/Assets\2845ecbabd12a9d2d17283664c06fa7d,,
/Assets\286ce285a3a28445c972ba9d09090937,,
/Assets\28a291ca9f966fdc0e1bc917c019aced,,
/Assets\28b455751eabbf79d899fc9a4c6f151e,,
/Assets\28c3515061ccebd5a08a954a584623e1,,
/Assets\28c88e21eaae4c3db86fe5a48ae9c7d5,,
/Assets\29383bc5de5a62c642fb9434d71863e7,,
/Assets\295e3365c5ed156b3ae4c8f3194add31,,
/Assets\299eff884b51e6894dbd307f0a2a6554,,
/Assets\29df3928b70391dec741b20782beeefc,,
/Assets\29f4c491737ce1cd367ff019e7b2ccb7,,
/Assets\2a25b8b900eeb431fc7627a231bbc562,,
/Assets\2a355ca0d306921e195591e5b2374b6a,,
/Assets\2a6bbf47edb9f1cb3a722784c5e73e83,,
/Assets\2a7069f1ccdc33dd1f7a200e3026b4ad,,
/Assets\2aab06df5509c6727fd35c7344796eb1,,
/Assets\2adefe98452f112060fe28e98f7a2c46,,
/Assets\2b5174ee56b69baabe7f799a9de52411,,
/Assets\2b7e702f208b7fd60d15d0bdadd269f4,,
/Assets\39825c2c74eae1fd9c73da842617d2da,,
/Assets\3983cfed2def8feebc57bb6638cf49c8,,
/Assets\39869b76f24193f841d1f95442803be3,,
/Assets\39872cc99f017cc22001ee9498584e13,,
/Assets\39d4594499ca9372338b51f71e0b6681,,
/Assets\3a3878c4fa9698438884f2288bdd1ea2,,
/Assets\3a462469eef8972bc33e93d3b9402fda,,
/Assets\3a5bb9945be02e4181eee1dec5c25edc,,
/Assets\3a63ee9cd0c128a7e97a7620a82b3678,,
/Assets\3a6d279abd87aadd09f950bcb123e358,,
/Assets\3a78fb0ee7c6e7fa0101fe1d6f49de29,,
/Assets\3a9208f5502fa4ad01ddf92a77a0e8a3,,
/Assets\3ae630f06b5d395a7a0db157c2430093,,
/Assets\3ba594c8b6a2376bc1013a0d13b83200,,
/Assets\3ba7994ec2ea0b953b57457bd25ac857,,
/Assets\3bc12d2bdea947d4502e885b6d9aa442,,
/Assets\3bc6564698bdf9559b98b255737bbedb,,
/Assets\3bf22f2c7f71986b690dc922cb0bee1f,,
/Assets\3c162d32bb9bce8199f44c665b20977d,,
/Assets\3c23316180b7da3e712c0596fa01ff74,,
/Assets\3c35998c3f4a279a008ac3ffd8481fea,,
/Assets\3c383647c107f40ba222bcddd47d3d1b,,
/Assets\3c5828449ad87b05b5dedf0b4787242a,,
/Assets\3c5daf79e8097eae0956840826c90fcc,,
/Assets\3c741855acd9576b4e311d5cd990ae77,,
/Assets\3c8eed5eead83f9798db8c24578d7a19,,
/Assets\3c99774ddf5babcf91ae21f76e9f4508,,
/Assets\3cea7861b4a43a0695ae177cf0829267,,
/Assets\3d18cfe28f2fbadff32db07a2132e12c,,
/Assets\3d8be6f0a1e1c248a02befc0dd3f6bec,,
/Assets\3dbee69360ec8c331edd1ac47c4da0ec,,
/Assets\3dfba0efa433d3f1f248b373edc2b176,,
/Assets\3e46da2a3160460b9be21da8ea0ce68e,,
/Assets\3e9add27f21781f8a3c227f5b9a1da31,,
/Assets\3ebf3ba9b654b8281c7b45e65133986f,,
/Assets\3ec1bd3422d0512c1fa1c06b7277df65,,
/Assets\3ee05bbb667222104101da1831329c3c,,
/Assets\3ef8b18ef78ad050d1a76b801d97a08c,,
/Assets\002dbbd85ef3fe6a2e7d0754fb9f9a1a,,
/Assets\00508a6979fdd9c2e5f8c68bfefe5f71,,
/Assets\00dfe88c4d3fb60793765d314bf24b7c,,
/Assets\015efcdd8de3698ffc4dad6dabd6664a,,
/Assets\015f38df736f5a9498b18a1d12170187,,
/Assets\016534141ab870fdbf1b9c163955924d,,
/Assets\02335ed7fbc9fd8ec1505d30a7d385ba,,
/Assets\024df5698f28a46ebf4ac1ac5df2c202,,
/Assets\025bf4faf2102b1376bddee41dc7948e,,
/Assets\02d99db5aa9193b2bfc98ad6998e0ea7,,
/Assets\0301a5865ecfd7c5a1653dde10a5aedf,,
/Assets\03231e84227b5038d1ce9c302019da8c,,
/Assets\032c21ac0d52d23f683dc4c2b7388865,,
/Assets\032ecd4e7d6db78058878d0ac61a82dc,,
/Assets\034c0fa142311896c1b1b6900487d2fb,,
/Assets\0383071848070b93a8a9f0c82c06e5e4,,
/Assets\03c532904ec03423c5e30463a62401a5,,
/Assets\03f2fc9a332b87e896b2da508a061754,,
/Assets\045a67d8bbba2805d2e421bc5b83d775,,
/Assets\049b5c09f2fc9c009cc3e7bc6e95be90,,
/Assets\050fd94fd028e2b766dcbfa5a9586d2c,,
/Assets\053e01474c777e16d2ac04c884685457,,
/Assets\05dff647236dcc065f51eea259e8a120,,
/Assets\05fa49d47b280182d4684b9f3358ded4,,
/Assets\06162b54235c76bfc73c297dd000614a,,
/Assets\06262da6542114aaea8a611540a0ee5d,,
/Assets\06615e719bb053415093a4572a1f1d31,,
/Assets\0692cec4544cb0287225a7bccebc916b,,
/Assets\06c1d5086fb91fd2e62f4c5e29e2759c,,
/Assets\0716aeb4425d2865ea9b1996ef4f90fe,,
/Assets\0736dda52dd3ef12dc4f82fb51b1becd,,
/Assets\0792c911c288bd241c1e2a2b64bce488,,
/Assets\07a8072d594af3c04ef47e8722fc1b38,,
/Assets\07f3a0ee847117a81ff9183befca007a,,
/Assets\07f93a53c25007301d276ec20e7be491,,
/Assets\0814384db6d5dac4b55e781d99eeb4cb,,
/Assets\085e477e7aa74fc3a222bcb4385000be,,
/Assets\08b7a12a72fb5100b27197c39bab1b70,,
/Assets\08fc9a9f04de967fe87c5061c32d3b84,,
/Assets\090f9075627a9543f171041a644d8af9,,
/Assets\0978cddd7a740a70fa0ac73fb6603aee,,
/Assets\097b04b65ad1608a869f2fb08909a612,,
/Assets\09b983781c78607d3e9348f231765ea1,,
/Assets\09d86d1539357a20fd04a53d000e8471,,
/Assets\09f35af0a30b37dce2f1a5ad7f143293,,
/Assets\0a18978cdc8b64f900b0db6a297eb99d,,
/Assets\0a22f881b77f00220f2034c21a18b854,,
/Assets\0a59be2e7dd53d6de11a10ce3649c081,,
/Assets\0aeb1ee8a72ad3c5566cf7a2885dc39b,,
/Assets\0b1ee11406e97cc6fb4229deeb19e6b7,,
/Assets\21d4924d608d1258ea35a53b314660bc,,
/Assets\2287637d5dbfb7cc45fb816157a412fa,,
/Assets\22c8ca74c84370214de628417aff20d6,,
/Assets\22d151fdc4f270e75bcf3729df08180f,,
/Assets\23bd30ca17aae979afebc6f4e5f1fdd3,,
/Assets\23fb8e9094b55306b08f7157c4b5ec43,,
/Assets\2407dd6a760fb8ea2054a251cdb5b907,,
/Assets\243e1d1c834bb95798ff4e1db49950a3,,
/Assets\24400997671ee80961dfe1ef30072499,,
/Assets\2443bd3b890824acecbe32659b9a1246,,
/Assets\248ad697696f5e5ef82b968bfe5480ba,,
/Assets\24f58a2b0bfefefd5ccc43bf1f664685,,
/Assets\251daf76d78711e74c9b441f4bb62834,,
/Assets\2524439faeafa1c2ca1a27cac00a97b1,,
/Assets\255bb50bf3493e1a85c9289c52610e31,,
/Assets\255d22983f0277734d8063562fad31b7,,
/Assets\2561bbefebc84dc200ca14d63b221d55,,
/Assets\258bf2e1c0ff55be0762ccab1c5b18db,,
/Assets\265680a6c85f2381bb49965579b0fd89,,
/Assets\267aa12df20c85a8c215e3d6f7a74879,,
/Assets\2681e9a5eb126e75959f33a477964544,,
/Assets\26877a2094850375ec053651dd7aa4ea,,
/Assets\26891312da99dd6e651fd179d1ff0faf,,
/Assets\269d061e1b507338d8b4c69676f9ffa1,,
/Assets\26a8b89687aab2fafd586a34fc86ed46,,
/Assets\26e54c41e45e7bd0899b90fdacf124fd,,
/Assets\27b8aecd5c4b58ddcfc56270e9944d81,,
/Assets\281ca748ff2f73232baa2a2d98041a63,,
/Assets\2842f18b64fb7ac0661021da97de0def,,
/Assets\2845ecbabd12a9d2d17283664c06fa7d,,
/Assets\286ce285a3a28445c972ba9d09090937,,
/Assets\28a291ca9f966fdc0e1bc917c019aced,,
/Assets\28b455751eabbf79d899fc9a4c6f151e,,
/Assets\28c3515061ccebd5a08a954a584623e1,,
/Assets\28c88e21eaae4c3db86fe5a48ae9c7d5,,
/Assets\29383bc5de5a62c642fb9434d71863e7,,
/Assets\295e3365c5ed156b3ae4c8f3194add31,,
/Assets\299eff884b51e6894dbd307f0a2a6554,,
/Assets\29df3928b70391dec741b20782beeefc,,
/Assets\29f4c491737ce1cd367ff019e7b2ccb7,,
/Assets\2a25b8b900eeb431fc7627a231bbc562,,
/Assets\2a355ca0d306921e195591e5b2374b6a,,
/Assets\2a6bbf47edb9f1cb3a722784c5e73e83,,
/Assets\2a7069f1ccdc33dd1f7a200e3026b4ad,,
/Assets\2aab06df5509c6727fd35c7344796eb1,,
/Assets\2adefe98452f112060fe28e98f7a2c46,,
/Assets\2b5174ee56b69baabe7f799a9de52411,,
/Assets\2b7e702f208b7fd60d15d0bdadd269f4,,
/Assets\39825c2c74eae1fd9c73da842617d2da,,
/Assets\3983cfed2def8feebc57bb6638cf49c8,,
/Assets\39869b76f24193f841d1f95442803be3,,
/Assets\39872cc99f017cc22001ee9498584e13,,
/Assets\39d4594499ca9372338b51f71e0b6681,,
/Assets\3a3878c4fa9698438884f2288bdd1ea2,,
/Assets\3a462469eef8972bc33e93d3b9402fda,,
/Assets\3a5bb9945be02e4181eee1dec5c25edc,,
/Assets\3a63ee9cd0c128a7e97a7620a82b3678,,
/Assets\3a6d279abd87aadd09f950bcb123e358,,
/Assets\3a78fb0ee7c6e7fa0101fe1d6f49de29,,
/Assets\3a9208f5502fa4ad01ddf92a77a0e8a3,,
/Assets\3ae630f06b5d395a7a0db157c2430093,,
/Assets\3ba594c8b6a2376bc1013a0d13b83200,,
/Assets\3ba7994ec2ea0b953b57457bd25ac857,,
/Assets\3bc12d2bdea947d4502e885b6d9aa442,,
/Assets\3bc6564698bdf9559b98b255737bbedb,,
/Assets\3bf22f2c7f71986b690dc922cb0bee1f,,
/Assets\3c162d32bb9bce8199f44c665b20977d,,
/Assets\3c23316180b7da3e712c0596fa01ff74,,
/Assets\3c35998c3f4a279a008ac3ffd8481fea,,
/Assets\3c383647c107f40ba222bcddd47d3d1b,,
/Assets\3c5828449ad87b05b5dedf0b4787242a,,
/Assets\3c5daf79e8097eae0956840826c90fcc,,
/Assets\3c741855acd9576b4e311d5cd990ae77,,
/Assets\3c8eed5eead83f9798db8c24578d7a19,,
/Assets\3c99774ddf5babcf91ae21f76e9f4508,,
/Assets\3cea7861b4a43a0695ae177cf0829267,,
/Assets\3d18cfe28f2fbadff32db07a2132e12c,,
/Assets\3d8be6f0a1e1c248a02befc0dd3f6bec,,
/Assets\3dbee69360ec8c331edd1ac47c4da0ec,,
/Assets\3dfba0efa433d3f1f248b373edc2b176,,
/Assets\3e46da2a3160460b9be21da8ea0ce68e,,
/Assets\3e9add27f21781f8a3c227f5b9a1da31,,
/Assets\3ebf3ba9b654b8281c7b45e65133986f,,
/Assets\3ec1bd3422d0512c1fa1c06b7277df65,,
/Assets\3ee05bbb667222104101da1831329c3c,,
/Assets\3ef8b18ef78ad050d1a76b801d97a08c,,
/Assets\3f08e75ebd9b0ca68ffd298893647a13,,
/Assets\3f435a895024e81fd5126354c7972b0f,,
/Assets\3f749b8fd9e49bca68b5fdc0ca391cd8,,
/Assets\3f8bf51e4f82aeecc825c4b2a12d92a7,,
/Assets\3faf6a6e515ee4a3d08934b3e93a4a9e,,
/Assets\3fb5ad02f38444843e343df0b505841d,,
/Assets\3ff8db0779a25d3a9b92aebfb0eebe69,,
/Assets\4008b0311b08183a8e6d7d6d01cea464,,
/Assets\404c5d32b088d0869fd7774ce7582f89,,
/Assets\406833de6c44d0a19ab9db1559828563,,
/Assets\40735b62ef7f9da459b39d173ee56ac3,,
/Assets\40a448ee93f85a6f94825b7afc1337b0,,
/Assets\4246216d92d4ceaf0580115dd775c2e2,,
/Assets\4247849793e2e0d3082ee5151a7e9416,,
/Assets\424a4a0bfde5a836ed93394a8c099b17,,
/Assets\4264eae0ad6e1cbcea3d73d88becb787,,
/Assets\427bf316b866d8b20a30866426c66e09,,
/Assets\42b246e4d3bf68de81ab0262a2f05691,,
/Assets\42c5b4b367187c29ac8fdd78c70837d6,,
/Assets\42dd2154c1b6f67a461463cf322c9830,,
/Assets\4332420a9acfddfe6dedfe9b0646afd6,,
/Assets\4342ea931e3e9ae5c51aed541a61465d,,
/Assets\437ff18f66a2e2351c45582104ec8b65,,
/Assets\43a29939d9ac51d99f5e3b4822914efe,,
/Assets\4443d262f14a8d6d58655dcf2e8c4542,,
/Assets\44495dd7cc8acb29ea1392d6066c43d0,,
/Assets\44799b510c8a525e9baaa4729e200efa,,
/Assets\44c8e52abc427a52c487122232409f5d,,
/Assets\45390f174ef85b574d3b81a0f5c1bab0,,
/Assets\4546fea5413797d10224198aaa34fe45,,
/Assets\459a8be7fbd64cc4719d79b6054de037,,
/Assets\459c60702cfaae32207a161b693df47c,,
/Assets\45bc44f6b1529331c282ba1f72e13b3c,,
/Assets\46a614be24dc2639baeb3a4887dfee2f,,
/Assets\471b3c709ca35b4765c096beb835bcc3,,
/Assets\4799763419d621cd41e7fb8abbcdd45d,,
/Assets\495fb61f38dd39cd7fba4bb81af6c8f5,,
/Assets\4a626b2e90bd71acc2ef014c7e1123c7,,
/Assets\4ad96fa279384268e72374aaacb78caf,,
/Assets\4b17a1c22c7a81c721608629b84b8b80,,
/Assets\4b21d71efe295df873a1d907932dae72,,
/Assets\4b31e9f5af8d0a4bf2c565ffa8a43800,,
/Assets\4b537aac6575e7528140fc388f1349ca,,
/Assets\4baa12ddba0c06b618225f8191a6d722,,
/Assets\4c0bb312924b2faa49f1eb556a5377ec,,
/Assets\4c3bb41d4f40f39842b7b8d3f536366a,,
/Assets\4df8be2d1f001c08abee098975068323,,
/Assets\4e232e906e1e6a2b6cd8eedc467905f2,,
/Assets\4e262fac1ce05ff65d581d668fc54e86,,
/Assets\4e3305a488faf871189cce9831a6c863,,
/Assets\4f23f2bdbb2c99b8d63bba659d22fe79,,
/Assets\4f435640fb278b789726bbcd47ce5daf,,
/Assets\4febb144783cbf0059748799ed8b4945,,
/Assets\5190d04e9abb3684a856257429894a5b,,
/Assets\52054fa91799a747b8ddf3f3118f40e9,,
/Assets\55775796ac3c2a0fd0fde4cae6048827,,
/Assets\5793a8d614757c76e8fcb904f943e586,,
/Assets\596052151e9fd6031a05ed88473b7445,,
/Assets\59e7b509d984f3a5b13fb8a33e0f6c2d,,
/Assets\59f430cb4755fb8e77109dcc9c8fb888,,
/Assets\5a051f7c0a58d5301f9953827218bc55,,
/Assets\5a48ffcbf611f167ecbb884e807f31f6,,
/Assets\5aa8f1a6f90157b937cac6e73006a2dc,,
/Assets\5b4d2cc82bf11b1fa80b366fdd7a5867,,
/Assets\5bc607274e363f0c1a9379e05075dcfc,,
/Assets\5c58461a764afd15c527c9c8b3a054b2,,
/Assets\5c6befcf9b28fadcedb2430c0800f433,,
/Assets\299eff884b51e6894dbd307f0a2a6554,,
/Assets\cafcf13bef3457ebed7e08e02fa49252,,
/Assets\e300993c699d98ef0d6d574b043b65cc,,
/Assets\f0a8b52312fce8d57f34bc6441dea750,,"{'eng_top_left_pos': (118, 0), 'eng_bottom_right_pos': (492, 170)}"
/Assets\299eff884b51e6894dbd307f0a2a6554,b'',
/Assets\cafcf13bef3457ebed7e08e02fa49252,b'',
/Assets\e300993c699d98ef0d6d574b043b65cc,b'',
/Assets\f0a8b52312fce8d57f34bc6441dea750,b'',"{'eng_top_left_pos': (118, 0), 'eng_bottom_right_pos': (492, 170)}"
/Assets\299eff884b51e6894dbd307f0a2a6554,,
/Assets\cafcf13bef3457ebed7e08e02fa49252,,
/Assets\e300993c699d98ef0d6d574b043b65cc,,
/Assets\f0a8b52312fce8d57f34bc6441dea750,,"{'eng_top_left_pos': (118, 0), 'eng_bottom_right_pos': (492, 170)}"
/Assets\f0a8b52312fce8d57f34bc6441dea750,,"{'eng_top_left_pos': (118, 0), 'eng_bottom_right_pos': (492, 170)}"
/Assets\f0a8b52312fce8d57f34bc6441dea750,,"{'eng_top_left_pos': (118, 0), 'eng_bottom_right_pos': (492, 170)}"
/Assets\f0a8b52312fce8d57f34bc6441dea750,,"{'eng_top_left_pos': (118, 0), 'eng_bottom_right_pos': (492, 170)}"
/Assets\22c8ca74c84370214de628417aff20d6,"{'eng_top_left_pos': (7, 305), 'eng_bottom_right_pos': (356, 446)}"
/Assets\22d151fdc4f270e75bcf3729df08180f,"{'eng_top_left_pos': (58, 119), 'eng_bottom_right_pos': (542, 187)}"
/Assets\23bd30ca17aae979afebc6f4e5f1fdd3,"{'eng_top_left_pos': (50, 114), 'eng_bottom_right_pos': (430, 177)}"
/Assets\23fb8e9094b55306b08f7157c4b5ec43,"{'eng_top_left_pos': (120, 172), 'eng_bottom_right_pos': (474, 278)}"
/Assets\2443bd3b890824acecbe32659b9a1246,"{'eng_top_left_pos': (125, 738), 'eng_bottom_right_pos': (476, 849)}"
/Assets\248ad697696f5e5ef82b968bfe5480ba,"{'eng_top_left_pos': (113, 771), 'eng_bottom_right_pos': (487, 875)}"
/Assets\24f58a2b0bfefefd5ccc43bf1f664685,"{'eng_top_left_pos': (133, 299), 'eng_bottom_right_pos': (471, 431)}"
/Assets\251daf76d78711e74c9b441f4bb62834,"{'eng_top_left_pos': (154, 822), 'eng_bottom_right_pos': (484, 884)}"
/Assets\2524439faeafa1c2ca1a27cac00a97b1,"{'eng_top_left_pos': (120, 172), 'eng_bottom_right_pos': (474, 278)}"
/Assets\255d22983f0277734d8063562fad31b7,"{'eng_top_left_pos': (41, 661), 'eng_bottom_right_pos': (565, 778)}"
/Assets\2561bbefebc84dc200ca14d63b221d55,"{'eng_top_left_pos': (237, 281), 'eng_bottom_right_pos': (364, 299)}"
/Assets\258bf2e1c0ff55be0762ccab1c5b18db,"{'eng_top_left_pos': (120, 172), 'eng_bottom_right_pos': (474, 278)}"
/Assets\265680a6c85f2381bb49965579b0fd89,"{'eng_top_left_pos': (141, 681), 'eng_bottom_right_pos': (599, 720)}"
/Assets\267aa12df20c85a8c215e3d6f7a74879,"{'eng_top_left_pos': (55, 621), 'eng_bottom_right_pos': (533, 730)}"
/Assets\26877a2094850375ec053651dd7aa4ea,"{'eng_top_left_pos': (55, 673), 'eng_bottom_right_pos': (590, 706)}"
/Assets\26891312da99dd6e651fd179d1ff0faf,"{'eng_top_left_pos': (0, 0), 'eng_bottom_right_pos': (600, 900)}"
/Assets\269d061e1b507338d8b4c69676f9ffa1,"{'eng_top_left_pos': (216, 454), 'eng_bottom_right_pos': (594, 528)}"
/Assets\26e54c41e45e7bd0899b90fdacf124fd,"{'eng_top_left_pos': (68, 289), 'eng_bottom_right_pos': (277, 354)}"
/Assets\27b8aecd5c4b58ddcfc56270e9944d81,"{'eng_top_left_pos': (50, 114), 'eng_bottom_right_pos': (430, 177)}"
/Assets\2845ecbabd12a9d2d17283664c06fa7d,"{'eng_top_left_pos': (0, 0), 'eng_bottom_right_pos': (600, 900)}"
/Assets\286ce285a3a28445c972ba9d09090937,"{'eng_top_left_pos': (162, 841), 'eng_bottom_right_pos': (405, 864)}"
/Assets\28a291ca9f966fdc0e1bc917c019aced,"{'eng_top_left_pos': (60, 185), 'eng_bottom_right_pos': (526, 262)}"
/Assets\28b455751eabbf79d899fc9a4c6f151e,"{'eng_top_left_pos': (81, 323), 'eng_bottom_right_pos': (464, 371)}"
/Assets\28c3515061ccebd5a08a954a584623e1,"{'eng_top_left_pos': (111, 373), 'eng_bottom_right_pos': (492, 462)}"
/Assets\28c88e21eaae4c3db86fe5a48ae9c7d5,"{'eng_top_left_pos': (211, 723), 'eng_bottom_right_pos': (389, 744)}"
/Assets\29383bc5de5a62c642fb9434d71863e7,"{'eng_top_left_pos': (60, 185), 'eng_bottom_right_pos': (526, 262)}"
/Assets\295e3365c5ed156b3ae4c8f3194add31,"{'eng_top_left_pos': (0, 0), 'eng_bottom_right_pos': (600, 900)}"
/Assets\29df3928b70391dec741b20782beeefc,"{'eng_top_left_pos': (299, 376), 'eng_bottom_right_pos': (477, 396)}"
/Assets\29f4c491737ce1cd367ff019e7b2ccb7,"{'eng_top_left_pos': (0, 0), 'eng_bottom_right_pos': (600, 900)}"
/Assets\2a25b8b900eeb431fc7627a231bbc562,"{'eng_top_left_pos': (205, 97), 'eng_bottom_right_pos': (589, 167)}"
/Assets\2a355ca0d306921e195591e5b2374b6a,"{'eng_top_left_pos': (15, 332), 'eng_bottom_right_pos': (585, 500)}"
/Assets\2a6bbf47edb9f1cb3a722784c5e73e83,"{'eng_top_left_pos': (44, 723), 'eng_bottom_right_pos': (565, 830)}"
/Assets\2a7069f1ccdc33dd1f7a200e3026b4ad,"{'eng_top_left_pos': (85, 404), 'eng_bottom_right_pos': (515, 468)}"
/Assets\2aab06df5509c6727fd35c7344796eb1,"{'eng_top_left_pos': (352, 477), 'eng_bottom_right_pos': (588, 587)}"
/Assets\2adefe98452f112060fe28e98f7a2c46,"{'eng_top_left_pos': (154, 266), 'eng_bottom_right_pos': (486, 303)}"
/Assets\2b5174ee56b69baabe7f799a9de52411,"{'eng_top_left_pos': (50, 114), 'eng_bottom_right_pos': (430, 177)}"
/Assets\2b7e702f208b7fd60d15d0bdadd269f4,"{'eng_top_left_pos': (158, 305), 'eng_bottom_right_pos': (442, 360)}"
/Assets\39825c2c74eae1fd9c73da842617d2da,"{'eng_top_left_pos': (116, 495), 'eng_bottom_right_pos': (446, 743)}"
/Assets\3983cfed2def8feebc57bb6638cf49c8,"{'eng_top_left_pos': (60, 185), 'eng_bottom_right_pos': (526, 262)}"
/Assets\39d4594499ca9372338b51f71e0b6681,"{'eng_top_left_pos': (207, 393), 'eng_bottom_right_pos': (600, 483)}"
/Assets\3a3878c4fa9698438884f2288bdd1ea2,"{'eng_top_left_pos': (50, 114), 'eng_bottom_right_pos': (430, 177)}"
/Assets\3a462469eef8972bc33e93d3b9402fda,"{'eng_top_left_pos': (76, 111), 'eng_bottom_right_pos': (542, 197)}"
/Assets\3a5bb9945be02e4181eee1dec5c25edc,"{'eng_top_left_pos': (50, 114), 'eng_bottom_right_pos': (430, 177)}"
/Assets\3a63ee9cd0c128a7e97a7620a82b3678,"{'eng_top_left_pos': (60, 185), 'eng_bottom_right_pos': (526, 262)}"
/Assets\3a6d279abd87aadd09f950bcb123e358,"{'eng_top_left_pos': (0, 163), 'eng_bottom_right_pos': (600, 283)}"
/Assets\3a9208f5502fa4ad01ddf92a77a0e8a3,"{'eng_top_left_pos': (8, 258), 'eng_bottom_right_pos': (507, 351)}"
/Assets\3ae630f06b5d395a7a0db157c2430093,"{'eng_top_left_pos': (60, 185), 'eng_bottom_right_pos': (526, 262)}"
/Assets\3ba594c8b6a2376bc1013a0d13b83200,"{'eng_top_left_pos': (337, 461), 'eng_bottom_right_pos': (542, 504)}"
/Assets\3ba7994ec2ea0b953b57457bd25ac857,"{'eng_top_left_pos': (60, 185), 'eng_bottom_right_pos': (526, 262)}"
/Assets\3bc12d2bdea947d4502e885b6d9aa442,"{'eng_top_left_pos': (108, 433), 'eng_bottom_right_pos': (469, 511)}"
/Assets\3bc6564698bdf9559b98b255737bbedb,"{'eng_top_left_pos': (60, 185), 'eng_bottom_right_pos': (526, 262)}"
/Assets\3bf22f2c7f71986b690dc922cb0bee1f,"{'eng_top_left_pos': (238, 81), 'eng_bottom_right_pos': (568, 143)}"
/Assets\3c162d32bb9bce8199f44c665b20977d,"{'eng_top_left_pos': (121, 676), 'eng_bottom_right_pos': (478, 848)}"
/Assets\3c35998c3f4a279a008ac3ffd8481fea,"{'eng_top_left_pos': (15, 332), 'eng_bottom_right_pos': (585, 500)}"
/Assets\3c383647c107f40ba222bcddd47d3d1b,"{'eng_top_left_pos': (151, 31), 'eng_bottom_right_pos': (544, 78)}"
/Assets\3c5828449ad87b05b5dedf0b4787242a,"{'eng_top_left_pos': (60, 185), 'eng_bottom_right_pos': (526, 262)}"
/Assets\3c5daf79e8097eae0956840826c90fcc,"{'eng_top_left_pos': (60, 185), 'eng_bottom_right_pos': (526, 262)}"
/Assets\3c741855acd9576b4e311d5cd990ae77,"{'eng_top_left_pos': (50, 114), 'eng_bottom_right_pos': (430, 177)}"
/Assets\3c8eed5eead83f9798db8c24578d7a19,"{'eng_top_left_pos': (60, 185), 'eng_bottom_right_pos': (526, 262)}"
/Assets\3c99774ddf5babcf91ae21f76e9f4508,"{'eng_top_left_pos': (85, 404), 'eng_bottom_right_pos': (515, 468)}"
/Assets\3d18cfe28f2fbadff32db07a2132e12c,"{'eng_top_left_pos': (0, 0), 'eng_bottom_right_pos': (600, 900)}"
/Assets\3d8be6f0a1e1c248a02befc0dd3f6bec,"{'eng_top_left_pos': (135, 784), 'eng_bottom_right_pos': (465, 846)}"
/Assets\3dbee69360ec8c331edd1ac47c4da0ec,"{'eng_top_left_pos': (60, 185), 'eng_bottom_right_pos': (526, 262)}"
/Assets\3dfba0efa433d3f1f248b373edc2b176,"{'eng_top_left_pos': (32, 390), 'eng_bottom_right_pos': (381, 481)}"
/Assets\3e46da2a3160460b9be21da8ea0ce68e,"{'eng_top_left_pos': (49, 50), 'eng_bottom_right_pos': (420, 115)}"
/Assets\3e9add27f21781f8a3c227f5b9a1da31,"{'eng_top_left_pos': (173, 611), 'eng_bottom_right_pos': (438, 666)}"
/Assets\3ebf3ba9b654b8281c7b45e65133986f,"{'eng_top_left_pos': (60, 185), 'eng_bottom_right_pos': (526, 262)}"
/Assets\3ec1bd3422d0512c1fa1c06b7277df65,"{'eng_top_left_pos': (60, 185), 'eng_bottom_right_pos': (526, 262)}"
/Assets\3ef8b18ef78ad050d1a76b801d97a08c,"{'eng_top_left_pos': (60, 185), 'eng_bottom_right_pos': (526, 262)}"
/Assets\3f08e75ebd9b0ca68ffd298893647a13,"{'eng_top_left_pos': (0, 0), 'eng_bottom_right_pos': (600, 500)}"
/Assets\3f8bf51e4f82aeecc825c4b2a12d92a7,"{'eng_top_left_pos': (154, 266), 'eng_bottom_right_pos': (486, 303)}"
/Assets\3fb5ad02f38444843e343df0b505841d,"{'eng_top_left_pos': (50, 114), 'eng_bottom_right_pos': (430, 177)}"
/Assets\3ff8db0779a25d3a9b92aebfb0eebe69,"{'eng_top_left_pos': (60, 185), 'eng_bottom_right_pos': (526, 262)}"
/Assets\404c5d32b088d0869fd7774ce7582f89,"{'eng_top_left_pos': (14, 316), 'eng_bottom_right_pos': (485, 370)}"
/Assets\40735b62ef7f9da459b39d173ee56ac3,"{'eng_top_left_pos': (16, 426), 'eng_bottom_right_pos': (411, 491)}"
/Assets\40a448ee93f85a6f94825b7afc1337b0,"{'eng_top_left_pos': (50, 114), 'eng_bottom_right_pos': (430, 177)}"
/Assets\4246216d92d4ceaf0580115dd775c2e2,"{'eng_top_left_pos': (60, 185), 'eng_bottom_right_pos': (526, 262)}"
/Assets\4247849793e2e0d3082ee5151a7e9416,"{'eng_top_left_pos': (42, 57), 'eng_bottom_right_pos': (202, 72)}"
/Assets\424a4a0bfde5a836ed93394a8c099b17,"{'eng_top_left_pos': (50, 114), 'eng_bottom_right_pos': (430, 177)}"
/Assets\4264eae0ad6e1cbcea3d73d88becb787,"{'eng_top_left_pos': (148, 59), 'eng_bottom_right_pos': (395, 186)}"
/Assets\427bf316b866d8b20a30866426c66e09,
/Assets\42b246e4d3bf68de81ab0262a2f05691,"{'eng_top_left_pos': (50, 114), 'eng_bottom_right_pos': (430, 177)}"
/Assets\42c5b4b367187c29ac8fdd78c70837d6,"{'eng_top_left_pos': (208, 653), 'eng_bottom_right_pos': (392, 664)}"
/Assets\42dd2154c1b6f67a461463cf322c9830,"{'eng_top_left_pos': (38, 187), 'eng_bottom_right_pos': (317, 316)}"
/Assets\4332420a9acfddfe6dedfe9b0646afd6,"{'eng_top_left_pos': (60, 185), 'eng_bottom_right_pos': (526, 262)}"
/Assets\437ff18f66a2e2351c45582104ec8b65,"{'eng_top_left_pos': (50, 114), 'eng_bottom_right_pos': (430, 177)}"
/Assets\44495dd7cc8acb29ea1392d6066c43d0,"{'eng_top_left_pos': (82, 426), 'eng_bottom_right_pos': (386, 456)}"
/Assets\44799b510c8a525e9baaa4729e200efa,"{'eng_top_left_pos': (241, 464), 'eng_bottom_right_pos': (360, 487)}"
/Assets\44c8e52abc427a52c487122232409f5d,"{'eng_top_left_pos': (50, 114), 'eng_bottom_right_pos': (430, 177)}"
/Assets\45390f174ef85b574d3b81a0f5c1bab0,"{'eng_top_left_pos': (179, 290), 'eng_bottom_right_pos': (448, 345)}"
/Assets\4546fea5413797d10224198aaa34fe45,"{'eng_top_left_pos': (67, 389), 'eng_bottom_right_pos': (533, 524)}"
/Assets\459a8be7fbd64cc4719d79b6054de037,"{'eng_top_left_pos': (60, 185), 'eng_bottom_right_pos': (526, 262)}"
/Assets\46a614be24dc2639baeb3a4887dfee2f,"{'eng_top_left_pos': (50, 114), 'eng_bottom_right_pos': (430, 177)}"
/Assets\471b3c709ca35b4765c096beb835bcc3,"{'eng_top_left_pos': (61, 364), 'eng_bottom_right_pos': (157, 396)}"
/Assets\4799763419d621cd41e7fb8abbcdd45d,"{'eng_top_left_pos': (50, 114), 'eng_bottom_right_pos': (430, 177)}"
/Assets\495fb61f38dd39cd7fba4bb81af6c8f5,"{'eng_top_left_pos': (60, 185), 'eng_bottom_right_pos': (526, 262)}"
/Assets\4a626b2e90bd71acc2ef014c7e1123c7,"{'eng_top_left_pos': (60, 185), 'eng_bottom_right_pos': (526, 262)}"
/Assets\4ad96fa279384268e72374aaacb78caf,"{'eng_top_left_pos': (60, 185), 'eng_bottom_right_pos': (526, 262)}"
/Assets\4b17a1c22c7a81c721608629b84b8b80,"{'eng_top_left_pos': (50, 114), 'eng_bottom_right_pos': (430, 177)}"
/Assets\4b21d71efe295df873a1d907932dae72,"{'eng_top_left_pos': (41, 757), 'eng_bottom_right_pos': (562, 855)}"
/Assets\4b31e9f5af8d0a4bf2c565ffa8a43800,"{'eng_top_left_pos': (66, 615), 'eng_bottom_right_pos': (526, 747)}"
/Assets\4baa12ddba0c06b618225f8191a6d722,"{'eng_top_left_pos': (50, 114), 'eng_bottom_right_pos': (430, 177)}"
/Assets\4c0bb312924b2faa49f1eb556a5377ec,"{'eng_top_left_pos': (50, 114), 'eng_bottom_right_pos': (430, 177)}"
/Assets\4c3bb41d4f40f39842b7b8d3f536366a,"{'eng_top_left_pos': (178, 750), 'eng_bottom_right_pos': (422, 849)}"
/Assets\4df8be2d1f001c08abee098975068323,"{'eng_top_left_pos': (267, 455), 'eng_bottom_right_pos': (548, 488)}"
/Assets\4e232e906e1e6a2b6cd8eedc467905f2,"{'eng_top_left_pos': (22, 386), 'eng_bottom_right_pos': (477, 514)}"
/Assets\4e262fac1ce05ff65d581d668fc54e86,"{'eng_top_left_pos': (50, 114), 'eng_bottom_right_pos': (430, 177)}"
/Assets\4e3305a488faf871189cce9831a6c863,"{'eng_top_left_pos': (107, 755), 'eng_bottom_right_pos': (496, 875)}"
/Assets\4f23f2bdbb2c99b8d63bba659d22fe79,"{'eng_top_left_pos': (60, 185), 'eng_bottom_right_pos': (526, 262)}"
/Assets\4f435640fb278b789726bbcd47ce5daf,"{'eng_top_left_pos': (60, 185), 'eng_bottom_right_pos': (526, 262)}"
/Assets\4febb144783cbf0059748799ed8b4945,"{'eng_top_left_pos': (82, 391), 'eng_bottom_right_pos': (520, 473)}"
/Assets\5190d04e9abb3684a856257429894a5b,"{'eng_top_left_pos': (50, 114), 'eng_bottom_right_pos': (430, 177)}"
/Assets\52054fa91799a747b8ddf3f3118f40e9,"{'eng_top_left_pos': (96, 378), 'eng_bottom_right_pos': (510, 474)}"
/Assets\55775796ac3c2a0fd0fde4cae6048827,"{'eng_top_left_pos': (0, 0), 'eng_bottom_right_pos': (600, 900)}"
/Assets\5793a8d614757c76e8fcb904f943e586,"{'eng_top_left_pos': (41, 757), 'eng_bottom_right_pos': (562, 855)}"
/Assets\596052151e9fd6031a05ed88473b7445,"{'eng_top_left_pos': (60, 185), 'eng_bottom_right_pos': (526, 262)}"
/Assets\59e7b509d984f3a5b13fb8a33e0f6c2d,"{'eng_top_left_pos': (9, 349), 'eng_bottom_right_pos': (429, 405)}"
/Assets\5a051f7c0a58d5301f9953827218bc55,"{'eng_top_left_pos': (0, 0), 'eng_bottom_right_pos': (600, 900)}"
/Assets\5a48ffcbf611f167ecbb884e807f31f6,"{'eng_top_left_pos': (50, 114), 'eng_bottom_right_pos': (430, 177)}"
/Assets\5aa8f1a6f90157b937cac6e73006a2dc,"{'eng_top_left_pos': (7, 0), 'eng_bottom_right_pos': (335, 197)}"
/Assets\5b4d2cc82bf11b1fa80b366fdd7a5867,"{'eng_top_left_pos': (66, 615), 'eng_bottom_right_pos': (532, 747)}"
/Assets\5bc607274e363f0c1a9379e05075dcfc,"{'eng_top_left_pos': (60, 185), 'eng_bottom_right_pos': (526, 262)}"
/Assets\5c58461a764afd15c527c9c8b3a054b2,"{'eng_top_left_pos': (50, 114), 'eng_bottom_right_pos': (430, 177)}"
/Assets\5c6befcf9b28fadcedb2430c0800f433,"{'eng_top_left_pos': (0, 163), 'eng_bottom_right_pos': (600, 283)}"
/Assets\5cd2c1fa13b9cd4862f79304e5ca19cc,"{'eng_top_left_pos': (50, 114), 'eng_bottom_right_pos': (430, 177)}"
/Assets\5d8310907217d0f5385f765f133ad475,"{'eng_top_left_pos': (50, 114), 'eng_bottom_right_pos': (430, 177)}"
/Assets\5dae3772408bcecb586bf62312c13838,"{'eng_top_left_pos': (32, 390), 'eng_bottom_right_pos': (381, 481)}"
/Assets\5dea9aa4ca7a1f9a0d65d85ebece9522,"{'eng_top_left_pos': (55, 621), 'eng_bottom_right_pos': (533, 730)}"
/Assets\5e3fbc83a60c730e234618fe5483800e,"{'eng_top_left_pos': (50, 114), 'eng_bottom_right_pos': (430, 177)}"
/Assets\600c1fdc6860cf16358e00cc238a42f6,"{'eng_top_left_pos': (134, 749), 'eng_bottom_right_pos': (460, 808)}"
/Assets\61dff450d1f6264618e7532f9e6c21dd,"{'eng_top_left_pos': (50, 114), 'eng_bottom_right_pos': (430, 177)}"
/Assets\61eb910425767fd90074a958328bee6a,"{'eng_top_left_pos': (50, 114), 'eng_bottom_right_pos': (430, 177)}"
/Assets\623735c2b4b2d78c61e08073dbaa352d,"{'eng_top_left_pos': (50, 114), 'eng_bottom_right_pos': (430, 177)}"
/Assets\624c1fc48eda8c49a470567317891825,"{'eng_top_left_pos': (60, 185), 'eng_bottom_right_pos': (526, 262)}"
/Assets\6280249e98882910535061f21ae36875,"{'eng_top_left_pos': (0, 200), 'eng_bottom_right_pos': (229, 394)}"
/Assets\62dca5e1826d627612856c463e98026f,"{'eng_top_left_pos': (17, 0), 'eng_bottom_right_pos': (587, 184)}"
/Assets\637244e2ca7b57187bd1b563a5b85846,"{'eng_top_left_pos': (60, 185), 'eng_bottom_right_pos': (526, 262)}"
/Assets\64a625126af2759b5e84aed912400e4f,"{'eng_top_left_pos': (272, 182), 'eng_bottom_right_pos': (397, 318)}"
/Assets\64beae61d488503fcd271af0ff3ea46a,"{'eng_top_left_pos': (50, 114), 'eng_bottom_right_pos': (430, 177)}"
/Assets\64cfdaacd77f39b88f90210e79800a8b,"{'eng_top_left_pos': (50, 114), 'eng_bottom_right_pos': (430, 177)}"
/Assets\64df515c2e4b954d029301fbc14db84a,"{'eng_top_left_pos': (60, 185), 'eng_bottom_right_pos': (526, 262)}"
/Assets\65d2519c16266cf9a3b1a8a3d2d82c99,"{'eng_top_left_pos': (81, 323), 'eng_bottom_right_pos': (464, 371)}"
/Assets\65fb17277b3fbfe200f6ac90f0717c48,"{'eng_top_left_pos': (60, 185), 'eng_bottom_right_pos': (526, 262)}"
/Assets\6649faf7aaae3caa5ac3de30b5ac4829,"{'eng_top_left_pos': (50, 114), 'eng_bottom_right_pos': (430, 177)}"
/Assets\67169407f4dd5762a97f973e82e550bd,"{'eng_top_left_pos': (1, 819), 'eng_bottom_right_pos': (353, 856)}"
/Assets\676e0507f9e1ed8fa6880eafcf91547b,"{'eng_top_left_pos': (50, 114), 'eng_bottom_right_pos': (430, 177)}"
/Assets\68c52769f63d072ef64e0dde04ed5ff0,"{'eng_top_left_pos': (162, 21), 'eng_bottom_right_pos': (438, 97)}"
/Assets\68c78af778382e3e80ba98d676dd8527,"{'eng_top_left_pos': (50, 114), 'eng_bottom_right_pos': (430, 177)}"
/Assets\68d489e40aa39d4498507af1ccdf249a,"{'eng_top_left_pos': (2, 213), 'eng_bottom_right_pos': (408, 482)}"
/Assets\6939c3f395fc2317da25fa5b19580c68,"{'eng_top_left_pos': (60, 185), 'eng_bottom_right_pos': (526, 262)}"
/Assets\6a8e741867d4f893afad015b77b52c39,"{'eng_top_left_pos': (60, 185), 'eng_bottom_right_pos': (526, 262)}"
/Assets\6a9230f97e1bf95266390f0f94c774dd,"{'eng_top_left_pos': (186, 233), 'eng_bottom_right_pos': (449, 250)}"
/Assets\6ae22e38b45ebb28b3202d7cf8515ce4,"{'eng_top_left_pos': (50, 114), 'eng_bottom_right_pos': (430, 177)}"
/Assets\6b7ddb8af0b0d4b5e042ac9469300177,"{'eng_top_left_pos': (60, 185), 'eng_bottom_right_pos': (526, 262)}"
/Assets\6c200017bb5cb921e59f6a6c09491ad5,"{'eng_top_left_pos': (0, 0), 'eng_bottom_right_pos': (600, 500)}"
/Assets\6c9f892bee893be71087c8300010d9a8,"{'eng_top_left_pos': (50, 114), 'eng_bottom_right_pos': (430, 177)}"
/Assets\6d72ce3e20781f20fb420b30d3dd8b0e,"{'eng_top_left_pos': (60, 185), 'eng_bottom_right_pos': (526, 262)}"
/Assets\6de62384e53319712bf7910e4db4e189,"{'eng_top_left_pos': (1, 520), 'eng_bottom_right_pos': (581, 745)}"
/Assets\6e526502767454c66cc93a391846bebd,"{'eng_top_left_pos': (55, 649), 'eng_bottom_right_pos': (547, 767)}"
/Assets\6e628eb5fafe4a43309363ef8e8efc12,"{'eng_top_left_pos': (233, 28), 'eng_bottom_right_pos': (593, 123)}"
/Assets\7110d440d9d424eec0ddb5f114058c06,"{'eng_top_left_pos': (50, 114), 'eng_bottom_right_pos': (430, 177)}"
/Assets\727b84106211a421a6d6925655a4ff17,"{'eng_top_left_pos': (50, 114), 'eng_bottom_right_pos': (430, 177)}"
/Assets\73501a5fc5b60fea475b301aae4a3731,"{'eng_top_left_pos': (41, 661), 'eng_bottom_right_pos': (565, 778)}"
/Assets\73adaebd0fbf7778d06d9d711ba5c152,"{'eng_top_left_pos': (82, 391), 'eng_bottom_right_pos': (520, 473)}"
/Assets\73bfd5e041e99938ca1ef8b1e2355e02,"{'eng_top_left_pos': (41, 757), 'eng_bottom_right_pos': (562, 855)}"
/Assets\74858c868467c9f78a8989e87eb54c1c,"{'eng_top_left_pos': (1, 419), 'eng_bottom_right_pos': (352, 456)}"
/Assets\74ca5c4df0e45247e224523c26d7ebf3,"{'eng_top_left_pos': (75, 121), 'eng_bottom_right_pos': (525, 211)}"
/Assets\74e0cd47380d7a41f96f5ca4ba214a8f,"{'eng_top_left_pos': (101, 61), 'eng_bottom_right_pos': (600, 179)}"
/Assets\74fb31e6b022b403306f12d715053717,"{'eng_top_left_pos': (120, 285), 'eng_bottom_right_pos': (475, 418)}"
/Assets\753b879a06a0f89feaa3928f37d4c6fe,"{'eng_top_left_pos': (103, 718), 'eng_bottom_right_pos': (496, 816)}"
/Assets\75ada73f9b02a1f6e04f1bf69d5bd007,"{'eng_top_left_pos': (149, 241), 'eng_bottom_right_pos': (452, 290)}"
/Assets\75e9bf718c93754ae33314a92db613dd,"{'eng_top_left_pos': (2, 446), 'eng_bottom_right_pos': (361, 532)}"
/Assets\76fe8ed6d5462ff2cc0ee750d2221a52,"{'eng_top_left_pos': (94, 740), 'eng_bottom_right_pos': (505, 793)}"
/Assets\77af46ea55c251a18213104bd760d1d2,"{'eng_top_left_pos': (66, 143), 'eng_bottom_right_pos': (534, 231)}"
/Assets\77cb39bbc869bdf0db280ec15a15280f,"{'eng_top_left_pos': (60, 185), 'eng_bottom_right_pos': (526, 262)}"
/Assets\782fd6ca8cf0483d38a3d685a9cdb536,"{'eng_top_left_pos': (72, 325), 'eng_bottom_right_pos': (528, 500)}"
/Assets\783719d2b23ee967711abba9de4e7884,"{'eng_top_left_pos': (50, 114), 'eng_bottom_right_pos': (430, 177)}"
/Assets\79a672060e901ce418230c3959619cca,"{'eng_top_left_pos': (66, 155), 'eng_bottom_right_pos': (534, 243)}"
/Assets\79c36d2adb94900291f5ddf1f6580c43,"{'eng_top_left_pos': (0, 163), 'eng_bottom_right_pos': (600, 283)}"
/Assets\79e5acae0b9e9789b90f0b362f449eb1,"{'eng_top_left_pos': (0, 0), 'eng_bottom_right_pos': (600, 500)}"
/Assets\7b5d17800096a3e27a5732fd7322fc37,"{'eng_top_left_pos': (32, 432), 'eng_bottom_right_pos': (555, 456)}"
/Assets\7db3a9c286b1a445845bad68ff95f2bb,"{'eng_top_left_pos': (50, 809), 'eng_bottom_right_pos': (550, 883)}"
/Assets\7e0b86cf99bbb9152f0d510d36f84f40,"{'eng_top_left_pos': (50, 114), 'eng_bottom_right_pos': (430, 177)}"
/Assets\7ed73c1cc404f9956d26c5f58de72b2f,"{'eng_top_left_pos': (50, 114), 'eng_bottom_right_pos': (430, 177)}"
/Assets\7f25293ac6d5c570749cea2af84e8439,"{'eng_top_left_pos': (50, 114), 'eng_bottom_right_pos': (430, 177)}"
/Assets\7fc571f85358c5d37efafde99b6896d7,"{'eng_top_left_pos': (50, 114), 'eng_bottom_right_pos': (430, 177)}"
/Assets\7fdd8606604b4ab61563a88384188011,"{'eng_top_left_pos': (60, 185), 'eng_bottom_right_pos': (526, 262)}"
/Assets\7feef5faff5461ca47f061ed5efbccf5,"{'eng_top_left_pos': (60, 185), 'eng_bottom_right_pos': (526, 262)}"
/Assets\7ff33d15bd3e7d73cede0691a393c288,"{'eng_top_left_pos': (60, 185), 'eng_bottom_right_pos': (526, 262)}"
/Assets\80399f92f8970d3bc8b26af690768c15,"{'eng_top_left_pos': (50, 114), 'eng_bottom_right_pos': (430, 177)}"
/Assets\8091002d3367a188f845f2c9fcdbadea,"{'eng_top_left_pos': (60, 185), 'eng_bottom_right_pos': (526, 262)}"
/Assets\82c919a29087bad5dbedb9b64247e6d6,"{'eng_top_left_pos': (7, 668), 'eng_bottom_right_pos': (508, 786)}"
/Assets\8388c02100992a33a5a08e1e6dbe6204,"{'eng_top_left_pos': (60, 185), 'eng_bottom_right_pos': (526, 262)}"
/Assets\83952985710c8e1646ac09269938e730,"{'eng_top_left_pos': (32, 390), 'eng_bottom_right_pos': (381, 481)}"
/Assets\84327cf26d2a91e2730ae7ddbfca6d59,"{'eng_top_left_pos': (112, 708), 'eng_bottom_right_pos': (481, 877)}"
/Assets\85d3838428307a4c8b16712bdc15330e,"{'eng_top_left_pos': (60, 185), 'eng_bottom_right_pos': (526, 262)}"
/Assets\86782260310be394dce33ef91955a716,"{'eng_top_left_pos': (60, 185), 'eng_bottom_right_pos': (526, 262)}"
/Assets\86f213ed98d05c93c09fe2d0ded4dfe6,"{'eng_top_left_pos': (352, 477), 'eng_bottom_right_pos': (588, 587)}"
/Assets\877843b799b1b074584fc22f9157f447,"{'eng_top_left_pos': (67, 389), 'eng_bottom_right_pos': (533, 524)}"
/Assets\88d9068b2d0ea2492b160a2e028d3429,"{'eng_top_left_pos': (50, 114), 'eng_bottom_right_pos': (430, 177)}"
/Assets\8932a4d6d34de7718182c18cc30779e8,"{'eng_top_left_pos': (60, 185), 'eng_bottom_right_pos': (526, 262)}"
/Assets\8968a702d64524827de2ccf55c802d6c,"{'eng_top_left_pos': (50, 114), 'eng_bottom_right_pos': (430, 177)}"
/Assets\89f522cf0adb2cc171321fb50abc9fc5,"{'eng_top_left_pos': (137, 86), 'eng_bottom_right_pos': (464, 157)}"
/Assets\8a1a2fa030200a7087619144f042c2da,"{'eng_top_left_pos': (50, 114), 'eng_bottom_right_pos': (430, 177)}"
/Assets\8a662fbaa5f751bf677c50359f0716c2,"{'eng_top_left_pos': (50, 114), 'eng_bottom_right_pos': (430, 177)}"
/Assets\8b6e13cab4903dffde5588ea2ab0c2a2,"{'eng_top_left_pos': (50, 114), 'eng_bottom_right_pos': (430, 177)}"
/Assets\8bf41e73b0b48e4bc86fba470d3af1a8,"{'eng_top_left_pos': (50, 114), 'eng_bottom_right_pos': (430, 177)}"
/Assets\8c0f5a32827b9e60dbd30b77178fe184,"{'eng_top_left_pos': (60, 185), 'eng_bottom_right_pos': (526, 262)}"
/Assets\8f3f46fa6a0accfd8b4563f2e35aaba5,"{'eng_top_left_pos': (43, 307), 'eng_bottom_right_pos': (518, 455)}"
/Assets\8f5834e2093bee23d3b01f8d05265765,"{'eng_top_left_pos': (36, 763), 'eng_bottom_right_pos': (471, 871)}"
/Assets\8fa19496d906812e1f44a983d347ee63,"{'eng_top_left_pos': (41, 375), 'eng_bottom_right_pos': (566, 470)}"
/Assets\90455f5ace15860874965eabd081b6f2,"{'eng_top_left_pos': (225, 438), 'eng_bottom_right_pos': (453, 466)}"
/Assets\9155a2e9b6ccf3449b2403031ed99468,"{'eng_top_left_pos': (41, 375), 'eng_bottom_right_pos': (566, 470)}"
/Assets\919ef5d6de221daf94537e4d87e98859,"{'eng_top_left_pos': (101, 93), 'eng_bottom_right_pos': (499, 178)}"
/Assets\91aa41c408ad4ff2e688c58c5ffe4e93,"{'eng_top_left_pos': (166, 259), 'eng_bottom_right_pos': (433, 435)}"
/Assets\92a1ef3b78f2b21068f8e1da4025e239,"{'eng_top_left_pos': (50, 114), 'eng_bottom_right_pos': (430, 177)}"
/Assets\92c16abb4f96ac15f03501d3d4fbda05,"{'eng_top_left_pos': (50, 114), 'eng_bottom_right_pos': (430, 177)}"
/Assets\92ecf0b80b7483c89eb72a551484970a,"{'eng_top_left_pos': (60, 185), 'eng_bottom_right_pos': (526, 262)}"
/Assets\9415d4728381f961a8d6bd7c57142ab7,"{'eng_top_left_pos': (83, 777), 'eng_bottom_right_pos': (518, 873)}"
/Assets\942616462420cb3890d00c65fc644e73,"{'eng_top_left_pos': (65, 393), 'eng_bottom_right_pos': (251, 437)}"
/Assets\945010afbf9a55bbdffcb0895f946155,"{'eng_top_left_pos': (60, 185), 'eng_bottom_right_pos': (526, 262)}"
/Assets\94bc1e8d137186644fa3baa53185a331,"{'eng_top_left_pos': (67, 389), 'eng_bottom_right_pos': (533, 524)}"
/Assets\94ed9dbaf0a8f0a64d4e04a3b1d9431a,"{'eng_top_left_pos': (50, 114), 'eng_bottom_right_pos': (430, 177)}"
/Assets\95585c17779c722e67067c189cf15d63,"{'eng_top_left_pos': (50, 114), 'eng_bottom_right_pos': (430, 177)}"
/Assets\958fb9e4304628629f9848dee96ad338,"{'eng_top_left_pos': (54, 650), 'eng_bottom_right_pos': (551, 746)}"
/Assets\95a9add1872e1666a9e413e18a15142b,"{'eng_top_left_pos': (112, 191), 'eng_bottom_right_pos': (488, 227)}"
/Assets\96510a48f1e13c601687e80f5d60670b,"{'eng_top_left_pos': (96, 538), 'eng_bottom_right_pos': (503, 750)}"
/Assets\98555b9df18ae8d010794161505020dd,"{'eng_top_left_pos': (60, 185), 'eng_bottom_right_pos': (526, 262)}"
/Assets\98db637879a2eee67d49dd05b4a92d83,"{'eng_top_left_pos': (50, 114), 'eng_bottom_right_pos': (430, 177)}"
/Assets\9931c8470e7412c45c890f4f7c59c1f4,"{'eng_top_left_pos': (144, 432), 'eng_bottom_right_pos': (449, 488)}"
/Assets\99558df7a3e64e9b15c34c20f44f038a,"{'eng_top_left_pos': (18, 71), 'eng_bottom_right_pos': (527, 158)}"
/Assets\99bcf45376c5182e77af6b40ccfa2d3b,"{'eng_top_left_pos': (41, 680), 'eng_bottom_right_pos': (379, 775)}"
/Assets\9a09184e03a21be85b165f66d6d1c121,"{'eng_top_left_pos': (86, 723), 'eng_bottom_right_pos': (521, 819)}"
/Assets\9afba90addb72bcdbab265b3492540e1,"{'eng_top_left_pos': (55, 621), 'eng_bottom_right_pos': (533, 730)}"
/Assets\9b2e41fdabcefdda0a86803e415a8c98,"{'eng_top_left_pos': (50, 114), 'eng_bottom_right_pos': (430, 177)}"
/Assets\9b9f6e8145aad25f6548fb35775d7fb3,"{'eng_top_left_pos': (60, 185), 'eng_bottom_right_pos': (526, 262)}"
/Assets\9d7dacc59d5bfde6cfaa17d2604ae9d5,"{'eng_top_left_pos': (140, 381), 'eng_bottom_right_pos': (460, 444)}"
/Assets\9e068e03269af51054a95146bdaf3d45,"{'eng_top_left_pos': (161, 389), 'eng_bottom_right_pos': (439, 484)}"
/Assets\9e2b17d1c9addd70a9da0c72dfec0e3c,"{'eng_top_left_pos': (50, 114), 'eng_bottom_right_pos': (430, 177)}"
/Assets\9e3c7a3de86bb8857dd3f822bc951a59,"{'eng_top_left_pos': (60, 185), 'eng_bottom_right_pos': (526, 262)}"
/Assets\9ecf3c519703026495d4f82df8bb2388,"{'eng_top_left_pos': (137, 393), 'eng_bottom_right_pos': (461, 478)}"
/Assets\9f157ba406572210d000f1478e8e656c,"{'eng_top_left_pos': (188, 407), 'eng_bottom_right_pos': (357, 498)}"
/Assets\a19b99c57ec298782b9fbcdde83b9734,"{'eng_top_left_pos': (60, 185), 'eng_bottom_right_pos': (526, 262)}"
/Assets\a1a3485dee81692a3ea64143aa51e90f,"{'eng_top_left_pos': (0, 378), 'eng_bottom_right_pos': (600, 492)}"
/Assets\afacaf5b3063c23f8231cc01be74aa1d,"{'eng_top_left_pos': (60, 185), 'eng_bottom_right_pos': (526, 262)}"
/Assets\b0228441fb421b8c322d67a6746f5f3e,"{'eng_top_left_pos': (50, 114), 'eng_bottom_right_pos': (430, 177)}"
/Assets\b046eee3c13e2f88aba3c40743093d13,"{'eng_top_left_pos': (60, 185), 'eng_bottom_right_pos': (526, 262)}"
/Assets\b12b03c2dec5e71fe630d3b06062982a,"{'eng_top_left_pos': (0, 0), 'eng_bottom_right_pos': (600, 500)}"
/Assets\b16e25c480f043e4be7d8e011bfa5e95,"{'eng_top_left_pos': (26, 25), 'eng_bottom_right_pos': (397, 61)}"
/Assets\b1e8cf36fefced5b9f20d291026b06db,"{'eng_top_left_pos': (60, 185), 'eng_bottom_right_pos': (526, 262)}"
/Assets\b2174dea77ef62674fa5d51c84359984,"{'eng_top_left_pos': (38, 141), 'eng_bottom_right_pos': (306, 261)}"
/Assets\b22916b05fb1e90b8b8d33812483022c,"{'eng_top_left_pos': (50, 114), 'eng_bottom_right_pos': (430, 177)}"
/Assets\b2504a570b6274172b6bd9558118f772,"{'eng_top_left_pos': (50, 114), 'eng_bottom_right_pos': (430, 177)}"
/Assets\b285c9ac9aa1669a7350e4c4594ea571,"{'eng_top_left_pos': (50, 114), 'eng_bottom_right_pos': (430, 177)}"
/Assets\b34d551e23ad7ce5a494453bcc409ccc,"{'eng_top_left_pos': (60, 185), 'eng_bottom_right_pos': (526, 262)}"
/Assets\b378c281edcaebfbe47a3104fdc2e036,"{'eng_top_left_pos': (2, 213), 'eng_bottom_right_pos': (408, 482)}"
/Assets\b3fd525be390ec4cbebdcbd225362f12,"{'eng_top_left_pos': (120, 172), 'eng_bottom_right_pos': (474, 278)}"
/Assets\b42473e8fdb0b3d6ea798f4118ef23aa,"{'eng_top_left_pos': (140, 381), 'eng_bottom_right_pos': (460, 444)}"
/Assets\b429b231c4bcc785642a771a84b58eb2,"{'eng_top_left_pos': (60, 185), 'eng_bottom_right_pos': (526, 262)}"
/Assets\b50d6442906a8362508d2a97bb9ba01e,"{'eng_top_left_pos': (41, 757), 'eng_bottom_right_pos': (562, 855)}"
/Assets\b58595e2670fde268a1c6dc7b9fc8ba3,"{'eng_top_left_pos': (238, 828), 'eng_bottom_right_pos': (521, 892)}"
/Assets\b58ae8eb1017e252ce37c29226411489,"{'eng_top_left_pos': (175, 157), 'eng_bottom_right_pos': (423, 329)}"
/Assets\b6519446fad0a84445faf9620f0fa02e,"{'eng_top_left_pos': (50, 114), 'eng_bottom_right_pos': (430, 177)}"
/Assets\b68a3a78534ac964f4eddfb8d767bbe0,"{'eng_top_left_pos': (82, 391), 'eng_bottom_right_pos': (520, 473)}"
/Assets\b68baf66405783b70a2141860cb15adc,"{'eng_top_left_pos': (60, 185), 'eng_bottom_right_pos': (526, 262)}"
/Assets\b7aa3693292fc7cf17f4fc1da680bf5d,"{'eng_top_left_pos': (60, 185), 'eng_bottom_right_pos': (526, 262)}"
/Assets\b8595cc38764f2c30d986c4c8080671c,"{'eng_top_left_pos': (62, 237), 'eng_bottom_right_pos': (537, 364)}"
/Assets\b8d87efae84799bd340ce653954a11b1,"{'eng_top_left_pos': (1, 520), 'eng_bottom_right_pos': (581, 745)}"
/Assets\b973c711c94c3261f51e002b853be33d,"{'eng_top_left_pos': (60, 185), 'eng_bottom_right_pos': (526, 262)}"
/Assets\ba62e65857faee399998f5d4dad7feaf,"{'eng_top_left_pos': (50, 114), 'eng_bottom_right_pos': (430, 177)}"
/Assets\bab02408832fd896644462340d7bf479,"{'eng_top_left_pos': (60, 185), 'eng_bottom_right_pos': (526, 262)}"
/Assets\bae285cdb6a38209f32e9e0c5f0a69ce,"{'eng_top_left_pos': (60, 185), 'eng_bottom_right_pos': (526, 262)}"
/Assets\bb631902fce625cf0dc87d80c027c905,"{'eng_top_left_pos': (68, 170), 'eng_bottom_right_pos': (532, 240)}"
/Assets\bdc1911c958ee9f1d54097420bc0088d,"{'eng_top_left_pos': (60, 185), 'eng_bottom_right_pos': (526, 262)}"
/Assets\be3f931b8039ef187f1dcfa3d488c041,"{'eng_top_left_pos': (28, 293), 'eng_bottom_right_pos': (468, 447)}"
/Assets\be6513d80192c25426e5e8f24e6e4dea,"{'eng_top_left_pos': (60, 185), 'eng_bottom_right_pos': (526, 262)}"
/Assets\bf1f7af46eec0e92939a8b3ba51cbacd,"{'eng_top_left_pos': (0, 0), 'eng_bottom_right_pos': (600, 900)}"
/Assets\bfbf7a2b7ac635e67877b1ab87fd6629,"{'eng_top_left_pos': (60, 185), 'eng_bottom_right_pos': (526, 262)}"
/Assets\c004ede9dbeaf07289dff53dfaa0cd9e,"{'eng_top_left_pos': (0, 163), 'eng_bottom_right_pos': (600, 283)}"
/Assets\c01e7ce76419925187c593ba3ecb9f46,"{'eng_top_left_pos': (41, 661), 'eng_bottom_right_pos': (565, 778)}"
/Assets\c0ccae16df156f9744c8c74e252ad00b,"{'eng_top_left_pos': (140, 381), 'eng_bottom_right_pos': (460, 444)}"
/Assets\c154ec796ae46371d8bc35744ee47b0e,"{'eng_top_left_pos': (41, 757), 'eng_bottom_right_pos': (562, 855)}"
/Assets\c176d5a3e27117bc90e3820434a024d9,"{'eng_top_left_pos': (0, 0), 'eng_bottom_right_pos': (600, 500)}"
/Assets\c21bfafc138cf023080098b0f7a439d0,"{'eng_top_left_pos': (2, 213), 'eng_bottom_right_pos': (408, 482)}"
/Assets\c2b3575ecfffe09f0f3b97a5883e6da6,"{'eng_top_left_pos': (60, 185), 'eng_bottom_right_pos': (526, 262)}"
/Assets\c350b0acd9f7b128c5ba096863e5444b,"{'eng_top_left_pos': (50, 114), 'eng_bottom_right_pos': (430, 177)}"
/Assets\c3ef76ea758ea5442c9540463c5d37f3,"{'eng_top_left_pos': (12, 152), 'eng_bottom_right_pos': (589, 409)}"
/Assets\c451990f363a5119a838d33acda877f1,"{'eng_top_left_pos': (17, 0), 'eng_bottom_right_pos': (587, 184)}"
/Assets\c47a1785032e3bc12dc53dc97034dd33,"{'eng_top_left_pos': (55, 531), 'eng_bottom_right_pos': (151, 563)}"
/Assets\c47fa6c0b4462b654c222e2f4be62b3d,"{'eng_top_left_pos': (60, 185), 'eng_bottom_right_pos': (526, 262)}"
/Assets\c486723bb2d768d24036054973b1cebc,"{'eng_top_left_pos': (60, 185), 'eng_bottom_right_pos': (526, 262)}"
/Assets\c4b651056516bc245b6b0dd78c2b192c,"{'eng_top_left_pos': (67, 389), 'eng_bottom_right_pos': (533, 524)}"
/Assets\c706a9ad6b0c2ee9295fe40dfa5b0615,"{'eng_top_left_pos': (96, 378), 'eng_bottom_right_pos': (510, 474)}"
/Assets\c741653e8c326e65480df0732efe96df,"{'eng_top_left_pos': (53, 39), 'eng_bottom_right_pos': (294, 52)}"
/Assets\c76677bf8d4e0e0d6267a8c097957e92,"{'eng_top_left_pos': (173, 387), 'eng_bottom_right_pos': (391, 415)}"
/Assets\c7ecd71b4632aea2ffca69a1d079b290,"{'eng_top_left_pos': (0, 653), 'eng_bottom_right_pos': (600, 840)}"
/Assets\c823124ca76c00a9d3b79380e5bdfd29,"{'eng_top_left_pos': (0, 0), 'eng_bottom_right_pos': (600, 500)}"
/Assets\c8fc9c5e6ec515c610c73f772ed5d3a4,"{'eng_top_left_pos': (60, 185), 'eng_bottom_right_pos': (526, 262)}"
/Assets\c94556717fc1d3783d27f51ae1b5350e,"{'eng_top_left_pos': (30, 328), 'eng_bottom_right_pos': (241, 445)}"
/Assets\c9790ca6d49dfc3f245db91d3b62c56d,"{'eng_top_left_pos': (0, 0), 'eng_bottom_right_pos': (600, 900)}"
/Assets\cce594945c50492d887116e17ebd966f,"{'eng_top_left_pos': (44, 210), 'eng_bottom_right_pos': (513, 257)}"
/Assets\d1e28a38a4e871527e62543540d0e7a7,"{'eng_top_left_pos': (18, 380), 'eng_bottom_right_pos': (352, 465)}"
/Assets\d250af845914563dc5e28699c19da043,"{'eng_top_left_pos': (89, 154), 'eng_bottom_right_pos': (556, 216)}"
/Assets\d37f1a5e7d90e81756244e1bff3141bc,"{'eng_top_left_pos': (32, 390), 'eng_bottom_right_pos': (381, 481)}"
/Assets\d48b2247fce73617dab5633187c02360,"{'eng_top_left_pos': (38, 188), 'eng_bottom_right_pos': (317, 316)}"
/Assets\d60dcbc971efa0b4c3cb76c245c35ced,"{'eng_top_left_pos': (23, 741), 'eng_bottom_right_pos': (575, 853)}"
/Assets\d63a7966d398d4dd0778d268d17fd2aa,"{'eng_top_left_pos': (60, 185), 'eng_bottom_right_pos': (526, 262)}"
/Assets\d6875bfe73a3abc7eea25b7de121c643,"{'eng_top_left_pos': (65, 725), 'eng_bottom_right_pos': (532, 860)}"
/Assets\d7c5bf54f39eb745b553d06813cffb23,"{'eng_top_left_pos': (2, 213), 'eng_bottom_right_pos': (408, 482)}"
/Assets\d9211cc52590fe62718030dbc1a9389a,"{'eng_top_left_pos': (82, 391), 'eng_bottom_right_pos': (520, 473)}"
/Assets\d982317438736aac9cb37b3e66a2f555,"{'eng_top_left_pos': (308, 450), 'eng_bottom_right_pos': (574, 481)}"
/Assets\db4c6d9a38437a0b76bb047ca37519d4,"{'eng_top_left_pos': (113, 374), 'eng_bottom_right_pos': (490, 475)}"
/Assets\dba3929fad20b7650861f74a9414c043,"{'eng_top_left_pos': (420, 252), 'eng_bottom_right_pos': (591, 276)}"
/Assets\dd43631ca1bf97d6c4966780b1f13a87,"{'eng_top_left_pos': (55, 621), 'eng_bottom_right_pos': (533, 730)}"
/Assets\ddef3dc6e16e17bb53b7ba66a400308b,"{'eng_top_left_pos': (60, 185), 'eng_bottom_right_pos': (526, 262)}"
/Assets\de22272cbb7ebe2622fa3b847330ccc6,"{'eng_top_left_pos': (50, 114), 'eng_bottom_right_pos': (430, 177)}"
/Assets\de74397f972d47d2c078b44807974532,"{'eng_top_left_pos': (63, 435), 'eng_bottom_right_pos': (537, 492)}"
/Assets\de9c6db1311c86407f28feced87dc46b,"{'eng_top_left_pos': (220, 39), 'eng_bottom_right_pos': (445, 53)}"
/Assets\df89c44299ec66120e89ab1d1296c26f,"{'eng_top_left_pos': (60, 185), 'eng_bottom_right_pos': (526, 262)}"
/Assets\df91c37d7078b8b406deaea243bb3746,"{'eng_top_left_pos': (178, 750), 'eng_bottom_right_pos': (422, 849)}"
/Assets\e08fda6d23b50ed0e9ec2fed06e21518,"{'eng_top_left_pos': (25, 176), 'eng_bottom_right_pos': (513, 243)}"
/Assets\e0c8ecc4ba1bc299fb4e43f6faccffb9,"{'eng_top_left_pos': (60, 185), 'eng_bottom_right_pos': (526, 262)}"
/Assets\e17b6db0e4fb777ab569ef0a81b5000e,"{'eng_top_left_pos': (2, 446), 'eng_bottom_right_pos': (361, 532)}"
/Assets\e1abe0c4a3df40bbb0d35d089caa13a5,"{'eng_top_left_pos': (50, 114), 'eng_bottom_right_pos': (430, 177)}"
/Assets\e1d358918210126d2348bb98e47dfa86,"{'eng_top_left_pos': (50, 114), 'eng_bottom_right_pos': (430, 177)}"
/Assets\e1ebbff8accc9d16ea82e3b8a6636d70,"{'eng_top_left_pos': (0, 0), 'eng_bottom_right_pos': (600, 900)}"
/Assets\e334f7ef4caacc9552993029ad56a52b,"{'eng_top_left_pos': (60, 185), 'eng_bottom_right_pos': (526, 262)}"
/Assets\e37596726bbaf0321aed953b6f8e1be7,"{'eng_top_left_pos': (50, 114), 'eng_bottom_right_pos': (430, 177)}"
/Assets\e437bb1946e346784d613ce6feba7203,"{'eng_top_left_pos': (60, 185), 'eng_bottom_right_pos': (526, 262)}"
/Assets\e5c648e39c7860bf0e70f4b02ecafbdf,"{'eng_top_left_pos': (50, 114), 'eng_bottom_right_pos': (430, 177)}"
/Assets\e656e46e3a4dc66fc0baa433c94bfd1a,"{'eng_top_left_pos': (60, 185), 'eng_bottom_right_pos': (526, 262)}"
/Assets\e68e20f592457b875ce29757ab855dfe,"{'eng_top_left_pos': (50, 114), 'eng_bottom_right_pos': (430, 177)}"
/Assets\e6e771ae6f00d0f2ada4d2280cfd7740,"{'eng_top_left_pos': (50, 114), 'eng_bottom_right_pos': (430, 177)}"
/Assets\e7b3f462f7d1cc8dcaa9c076eaedd1a8,"{'eng_top_left_pos': (60, 185), 'eng_bottom_right_pos': (526, 262)}"
/Assets\eab4ad84efa8e1c830ff47d6e8ad4379,"{'eng_top_left_pos': (60, 185), 'eng_bottom_right_pos': (526, 262)}"
/Assets\eabca629979238e5e3d65f6f4cd818fb,"{'eng_top_left_pos': (50, 114), 'eng_bottom_right_pos': (430, 177)}"
/Assets\eabf360c935e08b24f30c61519033f93,"{'eng_top_left_pos': (60, 185), 'eng_bottom_right_pos': (526, 262)}"
/Assets\eb31bf1739ffa01b1d458fe2c610230a,"{'eng_top_left_pos': (81, 777), 'eng_bottom_right_pos': (515, 873)}"
/Assets\eb641577b39bf60665e3130ac0d4e301,"{'eng_top_left_pos': (0, 798), 'eng_bottom_right_pos': (600, 893)}"
/Assets\eb84457fc98f942bb27157e930794c61,"{'eng_top_left_pos': (60, 185), 'eng_bottom_right_pos': (526, 262)}"
/Assets\ec53b0973db5a35d83fd5bb009802bdb,"{'eng_top_left_pos': (101, 203), 'eng_bottom_right_pos': (455, 355)}"
/Assets\ecc8e6a50a509f8b6a8ac7c3c1a450e7,"{'eng_top_left_pos': (50, 114), 'eng_bottom_right_pos': (430, 177)}"
/Assets\ed3071a667a11cc56e88ae0489bfe6aa,"{'eng_top_left_pos': (41, 661), 'eng_bottom_right_pos': (565, 778)}"
/Assets\ed9fd46313a5bce5f00d5fd720e5880f,"{'eng_top_left_pos': (55, 621), 'eng_bottom_right_pos': (533, 730)}"
/Assets\edd62a365ff46ae8c2e7a88dcb48ba56,"{'eng_top_left_pos': (140, 559), 'eng_bottom_right_pos': (466, 855)}"
/Assets\ee11627c036ee9772446b6e3ac9da649,"{'eng_top_left_pos': (2, 213), 'eng_bottom_right_pos': (408, 482)}"
/Assets\ee5f0e9c4a1296a30944be613ab2028c,"{'eng_top_left_pos': (195, 787), 'eng_bottom_right_pos': (488, 862)}"
/Assets\ee8ae60b2e46e44da79fb7e59b07eae4,"{'eng_top_left_pos': (0, 653), 'eng_bottom_right_pos': (600, 840)}"
/Assets\f033db746b20e747ee528caa07f0b2de,"{'eng_top_left_pos': (152, 308), 'eng_bottom_right_pos': (481, 444)}"
/Assets\f0a8b52312fce8d57f34bc6441dea750,"{'eng_top_left_pos': (118, 0), 'eng_bottom_right_pos': (492, 170)}"
/Assets\f125ec6ad94bd7b93c1502fb7e16e2ba,"{'eng_top_left_pos': (82, 391), 'eng_bottom_right_pos': (520, 473)}"
/Assets\f16751048b64354c30b034c44981225f,"{'eng_top_left_pos': (60, 185), 'eng_bottom_right_pos': (526, 262)}"
/Assets\f2aa99ddd5015647abc940e7d6695df2,"{'eng_top_left_pos': (60, 185), 'eng_bottom_right_pos': (526, 262)}"
/Assets\f38dae81fae6d60408100503e4661ac6,"{'eng_top_left_pos': (50, 114), 'eng_bottom_right_pos': (430, 177)}"
/Assets\f398e921861a533315cd9e1085e2059c,"{'eng_top_left_pos': (60, 185), 'eng_bottom_right_pos': (526, 262)}"
/Assets\f43220f51d51bba30046e637600bd773,"{'eng_top_left_pos': (41, 375), 'eng_bottom_right_pos': (566, 470)}"
/Assets\f4fc8ed9cf50e6f77bb14054b88ee2cd,"{'eng_top_left_pos': (60, 185), 'eng_bottom_right_pos': (526, 262)}"
/Assets\f50ff5f8d3f50ecaccadf63345ec16bc,"{'eng_top_left_pos': (83, 777), 'eng_bottom_right_pos': (518, 873)}"
/Assets\f520edea9b83c22a1c82412fcaf9f0a3,"{'eng_top_left_pos': (17, 653), 'eng_bottom_right_pos': (584, 885)}"
/Assets\f52568446cd557df708c44efb668789c,"{'eng_top_left_pos': (41, 375), 'eng_bottom_right_pos': (566, 470)}"
/Assets\f6525e69f4bbebe1b522d463080006ce,"{'eng_top_left_pos': (176, 227), 'eng_bottom_right_pos': (391, 248)}"
/Assets\f6c6774bb267182cf248fd64a5b25b59,"{'eng_top_left_pos': (0, 0), 'eng_bottom_right_pos': (600, 900)}"
/Assets\f701e15a157e1418704c2b18a13fb471,"{'eng_top_left_pos': (67, 389), 'eng_bottom_right_pos': (533, 524)}"
/Assets\f722cbe03a320f89c6abdfd3fe796047,"{'eng_top_left_pos': (50, 114), 'eng_bottom_right_pos': (430, 177)}"
/Assets\f7f9e79ae3506b8c75810cae2ce276e7,"{'eng_top_left_pos': (166, 23), 'eng_bottom_right_pos': (537, 178)}"
/Assets\f88e2c7f24b2bcd83044f2ccfdef79c4,"{'eng_top_left_pos': (94, 740), 'eng_bottom_right_pos': (505, 793)}"
/Assets\f95ed1b647ad098a3738f1b58142decd,"{'eng_top_left_pos': (60, 185), 'eng_bottom_right_pos': (526, 262)}"
/Assets\fac33ac29ac616dfa0053558c1a3c03c,"{'eng_top_left_pos': (60, 185), 'eng_bottom_right_pos': (526, 262)}"
/Assets\fae4bab75ff19f1246fb814deb4efd94,"{'eng_top_left_pos': (60, 185), 'eng_bottom_right_pos': (526, 262)}"
/Assets\fb755cbcc0e9b7069382745e6841f2ba,
/Assets\fbb156a0dc35c2e9f126d5140ae6ea66,"{'eng_top_left_pos': (50, 114), 'eng_bottom_right_pos': (430, 177)}"
/Assets\fbdd6f2bc08bfb43725cd6b4c52907ea,"{'eng_top_left_pos': (50, 114), 'eng_bottom_right_pos': (430, 177)}"
/Assets\fdf622b95e3d532398921834f6bbfa38,"{'eng_top_left_pos': (50, 114), 'eng_bottom_right_pos': (430, 177)}"
/Assets\fe116dea417bfe1b97e0b2dcf846c25d,"{'eng_top_left_pos': (60, 185), 'eng_bottom_right_pos': (526, 262)}"
/Assets\fe1cc47f2e46f29607046541f8418275,"{'eng_top_left_pos': (50, 114), 'eng_bottom_right_pos': (430, 177)}"
/Assets\fef95c5e1ee5bc235b56d7c508d3bcd0,"{'eng_top_left_pos': (60, 185), 'eng_bottom_right_pos': (526, 262)}"
/Assets\ff72b5f704ef2a8fa05e5a7b350a1e8e,"{'eng_top_left_pos': (60, 185), 'eng_bottom_right_pos': (526, 262)}"
